{"stat.useItem.minecraft.bow":19,"stat.craftItem.inspirations.enlightened_bush":4,"stat.mineBlock.matteroverdrive.tritanium_ore":10,"stat.mineBlock.sky_orchards.log_coal":6,"stat.craftItem.sky_orchards.sapling_sand":1,"stat.pickup.minecraft.wooden_slab":95,"stat.leaveGame":22,"stat.pickup.tconstruct.edible":23,"stat.mineBlock.minecraft.web":5,"stat.mineBlock.sky_orchards.log_dirt":53,"stat.pickup.mysticalagriculture.stone_essence":2,"stat.pickup.sky_orchards.resin_cottonwood":49,"stat.pickup.minecraft.rotten_flesh":47,"stat.pickup.sky_orchards.acorn_diamond":125,"stat.pickup.sky_orchards.sapling_dirt":136,"stat.pickup.uppers.upper":1,"stat.craftItem.minecraft.stone_axe":8,"stat.killEntity.Enderman":2,"stat.mineBlock.minecraft.wooden_slab":82,"stat.craftItem.rustic.barrel":4,"stat.pickup.integrateddynamics.menril_sapling":16,"stat.pickup.integrateddynamics.menril_berries":77,"stat.mineBlock.rustic.log":5,"stat.killEntity.Witch":2,"stat.pickup.sky_orchards.resin_petrified":36,"stat.craftItem.conarm.armorforge":1,"stat.craftItem.minecraft.bed":1,"stat.pickup.rustic.wildberries":1,"stat.furnaceInteraction":43,"stat.mineBlock.sky_orchards.amber_iron":1,"stat.pickup.minecraft.nether_brick":15,"stat.craftItem.sky_orchards.acorn_dirt":4,"stat.pickup.sky_orchards.acorn_coal":14,"stat.drop.sky_orchards.acorn_dirt":1,"stat.pickup.sky_orchards.acorn_dirt":118,"stat.pickup.inspirations.potato_seeds":3,"stat.mineBlock.minecraft.stained_hardened_clay":1,"stat.useItem.rustic.wildberries":64,"stat.pickup.sky_orchards.sapling_coal":18,"stat.pickup.twilightforest.twilight_scepter":1,"stat.useItem.minecraft.fence":109,"stat.pickup.ceramics.unfired_clay":1,"stat.craftItem.telepastries.hunting_dimension_cake":1,"stat.mineBlock.twilightforest.naga_stone":1,"stat.mineBlock.minecraft.fence":22,"stat.mineBlock.sky_orchards.log_tin":8,"stat.killEntity.twilightforest.naga":1,"stat.pickup.mysticalagriculture.blaze_seeds":1,"stat.craftItem.morecauldrons.cobble_cauldron":1,"stat.useItem.minecraft.dye":22,"stat.pickup.cyclicmagic.charm_air":3,"stat.deaths":5,"stat.pickup.minecraft.egg":12,"stat.pickup.horsepower.chopping_block":2,"stat.pickup.sky_orchards.sapling_lapis":7,"stat.pickup.storagenetwork.remote":2,"stat.craftItem.conarm.armorstation":2,"stat.mineBlock.minecraft.tallgrass":124,"stat.chestOpened":427,"stat.pickup.minecraft.arrow":22,"stat.pickup.sky_orchards.acorn_bacon":8,"stat.mineBlock.rustic.deathstalk_mushroom":5,"stat.mineBlock.sky_orchards.leaves_iron":405,"stat.useItem.twilightforest.twilight_oak_planks":123,"stat.pickup.minecraft.gold_nugget":29,"stat.craftItem.minecraft.coal":1,"stat.useItem.sky_orchards.sapling_silver":8,"stat.pickup.telepastries.twilight_cake":1,"stat.pickup.tconstruct.cast_custom":3,"stat.useItem.rustic.wildberry_bush":1,"stat.craftItem.uppers.upper":1,"stat.useItem.sky_orchards.sapling_gravel":8,"stat.craftItem.sky_orchards.sapling_redstone":2,"stat.pickup.minecraft.carrot":705,"stat.crouchOneCm":248896,"stat.mineBlock.minecraft.chest":1,"stat.craftItem.minecraft.iron_ingot":9,"stat.pickup.minecraft.painting":6,"stat.pickup.sky_orchards.resin_lapis":7,"stat.craftItem.xlfoodmod.cooked_dough":8,"stat.craftingTableInteraction":9,"stat.pickup.minecraft.nether_brick_fence":1,"stat.pickup.sky_orchards.sapling_tin":10,"stat.craftItem.tconstruct.pattern":21,"stat.mineBlock.minecraft.log2":8,"stat.useItem.minecraft.reeds":2,"stat.craftItem.yoyos.cord":8,"stat.pickup.minecraft.dye":11,"stat.pickup.minecraft.planks":96,"stat.pickup.sky_orchards.resin_iron":69,"stat.craftItem.minecraft.diamond_shovel":2,"stat.pickup.minecraft.wheat_seeds":397,"stat.craftItem.sky_orchards.acorn_iron":572,"stat.pickup.darkutils.material":6,"stat.pickup.sky_orchards.acorn_prosperity":4,"stat.mineBlock.xlfoodmod.grass":1,"stat.mineBlock.minecraft.dirt":11,"stat.pickup.sky_orchards.acorn_iron":115,"stat.mineBlock.sky_orchards.leaves_lapis":47,"stat.pickup.compactstorage.compactchest":4,"stat.useItem.minecraft.bread":49,"stat.pickup.sky_orchards.sapling_iron":58,"stat.useItem.minecraft.cobblestone":507,"stat.pickup.nuclearcraft.glowing_mushroom":1,"stat.craftItem.tp.wooden_shears":4,"stat.pickup.sky_orchards.resin_gravel":78,"stat.mineBlock.rustic.barrel":1,"stat.pickup.minecraft.iron_pickaxe":4,"stat.pickup.yoyos.yoyo":1,"stat.pickup.sky_orchards.resin_silver":21,"stat.useItem.xlfoodmod.waffle":2,"stat.pickup.minecraft.chicken":4,"stat.pickup.minecraft.apple":1,"stat.mineBlock.twilightforest.twilight_leaves":8,"stat.mineBlock.sky_orchards.sapling_silver":1,"stat.mineBlock.sky_orchards.sapling_gravel":2,"stat.craftItem.minecraft.bucket":4,"stat.craftItem.minecraft.planks":1903,"stat.craftItem.minecraft.dirt":14,"stat.craftItem.twilightforest.twilight_oak_slab":6,"stat.mineBlock.integrateddynamics.menril_log":110,"stat.pickup.minecraft.book":81,"stat.mineBlock.minecraft.log":16,"stat.craftItem.sky_orchards.sapling_donut":1,"stat.useItem.sky_orchards.sapling_diamond":21,"stat.useItem.sky_orchards.acorn_sand":13,"stat.pickup.minecraft.red_flower":3,"stat.mineBlock.sky_orchards.log_cottonwood":29,"stat.useItem.minecraft.wooden_axe":37,"stat.craftItem.minecraft.cobblestone":54,"stat.mineBlock.sky_orchards.leaves_prosperity":2,"stat.mineBlock.minecraft.cobblestone":7,"stat.pickup.minecraft.stone_pickaxe":1,"stat.pickup.minecraft.flint":11,"stat.mineBlock.minecraft.yellow_flower":3,"stat.killEntity.Human":7,"stat.craftItem.minecraft.wool":3,"stat.pickup.pickletweaks.coal_piece":3,"stat.mineBlock.astralsorcery.blockcustomore":2,"stat.craftItem.compactstorage.chestbuilder":1,"stat.pickup.realfilingcabinet.modelcabinet":1,"stat.craftItem.minecraft.arrow":4,"stat.mineBlock.sky_orchards.leaves_redstone":5,"stat.useItem.minecraft.stone_slab2":107,"stat.pickup.minecraft.bow":2,"stat.craftItem.pickletweaks.stone_paxel":2,"stat.pickup.minecraft.iron_boots":5,"stat.craftItem.minecraft.furnace":1,"stat.pickup.thermalfoundation.ore":3,"stat.useItem.minecraft.egg":4,"stat.mineBlock.twilightforest.spiral_bricks":1,"stat.mineBlock.sky_orchards.leaves_dirt":727,"stat.craftItem.minecraft.bow":2,"stat.craftItem.sky_orchards.amber_gold":4,"stat.pickup.minecraft.diamond_leggings":1,"stat.pickup.yoyos.cord":1,"stat.flyOneCm":1050898,"stat.useItem.rustic.barrel":1,"stat.mineBlock.sky_orchards.leaves_coal":79,"stat.pickup.mysticalagriculture.dirt_essence":83,"stat.craftItem.bdsandm.wood_barrel":2,"stat.timeSinceDeath":33785,"stat.pickup.twilightforest.twilight_sapling":5,"stat.useItem.minecraft.wooden_slab":156,"stat.craftItem.minecraft.iron_block":10,"stat.killEntity.Bat":1,"stat.pickup.mysticalagriculture.blaze_essence":9,"stat.pickup.minecraft.nether_wart":59,"stat.craftItem.tconstruct.seared":4,"stat.pickup.twilightforest.naga_scale":8,"stat.useItem.tconstruct.rack":3,"stat.mineBlock.minecraft.coal_ore":6,"stat.killEntity.Creeper":10,"stat.mineBlock.sky_orchards.leaves_diamond":901,"stat.craftItem.minecraft.stone_hoe":1,"stat.useItem.tp.toasted_bread":1,"stat.pickup.minecraft.string":140,"stat.pickup.sky_orchards.amber_iron":1,"stat.pickup.tombstone.crafting_ingredient":2,"stat.craftItem.tconstruct.stone_stick":12,"stat.useItem.sky_orchards.sapling_petrified":2,"stat.craftItem.tconstruct.tooltables":2,"stat.pickup.sky_orchards.sapling_bacon":10,"stat.sprintOneCm":1536120,"stat.mineBlock.minecraft.stone_slab":6,"stat.craftItem.minecraft.wooden_axe":2,"stat.mineBlock.rustic.wildberry_bush":1,"stat.useItem.carryon.tile_item":8,"stat.mineBlock.uppers.upper":1,"stat.mineBlock.sky_orchards.leaves_petrified":237,"stat.mineBlock.minecraft.diamond_ore":2,"stat.mineBlock.sky_orchards.log_donut":4,"stat.craftItem.minecraft.wooden_pressure_plate":2,"stat.mineBlock.sky_orchards.log_lead":4,"stat.pickup.sky_orchards.resin_diamond":131,"stat.killEntity.Zombie":41,"stat.craftItem.minecraft.dye":22,"stat.mineBlock.tp.maloberry_bush":1,"stat.useItem.animalcrops.seeds":1,"stat.craftItem.minecraft.diamond_axe":3,"stat.mineBlock.minecraft.gold_ore":1,"stat.diveOneCm":4351,"stat.craftItem.minecraft.slime_ball":64,"stat.pickup.minecraft.wheat":171,"stat.pickup.tconstruct.tooltables":2,"stat.mineBlock.sky_orchards.leaves_donut":51,"stat.craftItem.minecraft.cooked_porkchop":1,"stat.mineBlock.tconstruct.slime_leaves":51,"stat.mineBlock.twilightforest.twilight_oak_planks":7,"stat.pickup.sky_orchards.resin_clay":37,"stat.pickup.matteroverdrive.tritanium_ore":10,"stat.craftItem.minecraft.diamond_sword":10,"stat.jump":6957,"stat.pickup.minecraft.coal":24,"stat.pickup.minecraft.iron_ingot":1,"stat.craftItem.minecraft.lever":6,"stat.pickup.minecraft.gunpowder":17,"stat.mineBlock.sky_orchards.log_sand":45,"stat.craftItem.minecraft.torch":100,"stat.pickup.minecraft.dirt":8,"stat.pickup.rustic.log":5,"stat.pickup.sky_orchards.resin_bone":31,"stat.useItem.minecraft.sapling":1,"stat.mineBlock.nuclearcraft.glowing_mushroom":1,"stat.damageTaken":8492,"stat.pickup.twilightforest.firefly":1,"stat.mineBlock.minecraft.torch":9,"stat.mineBlock.minecraft.red_flower":10,"stat.pickup.minecraft.log2":10,"stat.craftItem.sky_orchards.amber_lead":4,"stat.useItem.sky_orchards.amber_iron":1,"stat.useItem.integrateddynamics.menril_log":7,"stat.pickup.xlfoodmod.rice_seeds":1,"stat.pickup.sky_orchards.sapling_clay":23,"stat.killEntity.bouncy_creepers.bouncy_creeper":12,"stat.killEntity.Silverfish":1,"stat.craftItem.horsepower.chopping_block":4,"stat.craftItem.minecraft.stone_slab":321,"stat.animalsBred":1,"stat.useItem.minecraft.chest":2,"stat.pickup.twilightforest.naga_stone":1,"stat.pickup.sky_orchards.acorn_nickel":2,"stat.pickup.sky_orchards.sapling_bone":34,"stat.useItem.tp.blackberry_berry":6,"stat.craftItem.morecauldrons.oak_cauldron":3,"stat.craftItem.sky_orchards.amber_silver":2,"stat.pickup.sky_orchards.sapling_donut":5,"stat.useItem.cyclicmagic.heart_food":1,"stat.pickup.sky_orchards.acorn_netherrack":1,"stat.craftItem.rustic.crushing_tub":1,"stat.mineBlock.sky_orchards.leaves_lead":1,"stat.mineBlock.sky_orchards.log_diamond":84,"stat.mineBlock.integrateddynamics.menril_leaves":212,"stat.pickup.minecraft.ladder":1,"stat.useItem.minecraft.netherrack":51,"stat.mineBlock.minecraft.stonebrick":4,"stat.killEntity.twilightforest.bighorn_sheep":1,"stat.useItem.inspirations.enlightened_bush":3,"stat.mineBlock.minecraft.glowstone":4,"stat.pickup.twilightforest.raw_venison":4,"stat.mobKills":262,"stat.pickup.minecraft.diamond_boots":1,"stat.mineBlock.minecraft.bookshelf":29,"stat.pickup.minecraft.diamond":15,"stat.pickup.minecraft.beetroot_seeds":1,"stat.pickup.minecraft.torch":23,"stat.craftItem.yoyos.yoyo_cord":1,"stat.mineBlock.sky_orchards.log_petrified":13,"stat.craftItem.sky_orchards.sapling_cottonwood":2,"stat.useItem.sky_orchards.sapling_cottonwood":6,"stat.killEntity.twilightforest.swarm_spider":37,"stat.killEntity.Blaze":17,"stat.pickup.mysticalagriculture.fire_essence":5,"stat.mineBlock.horsepower.chopping_block":2,"stat.pickup.sky_orchards.resin_lead":11,"stat.useItem.minecraft.planks":516,"stat.mineBlock.sky_orchards.leaves_tin":103,"stat.pickup.minecraft.golden_boots":1,"stat.pickup.minecraft.glowstone_dust":14,"stat.craftItem.xlfoodmod.donut":8,"stat.pickup.minecraft.porkchop":3,"stat.mineBlock.sky_orchards.log_bacon":6,"stat.useItem.sky_orchards.sapling_iron":15,"stat.useItem.minecraft.water_bucket":4,"stat.mineBlock.minecraft.nether_brick_fence":1,"stat.pickup.rustic.barrel":1,"stat.pickup.tp.maloberry_berry":5,"stat.mineBlock.twilightforest.twilight_log":48,"stat.pickup.sky_orchards.resin_bacon":10,"stat.craftItem.minecraft.stone_sword":7,"stat.killEntity.twilightforest.kobold":39,"stat.mineBlock.sky_orchards.leaves_netherrack":2,"stat.hopperInspected":1,"stat.pickup.resourcehogs.mud_bucket":1,"stat.pickup.tconstruct.slime_sapling":7,"stat.pickup.telepastries.overworld_cake":1,"stat.pickup.tp.blackberry_berry":6,"stat.pickup.xlfoodmod.lettuce_seeds":1,"stat.mineBlock.sky_orchards.leaves_gold":1,"stat.craftItem.xlfoodmod.dough":16,"stat.pickup.mysticalagriculture.tier2_inferium_seeds":1,"stat.useItem.telepastries.overworld_cake":1,"stat.pickup.xlfoodmod.vanilla_flower":1,"stat.pickup.minecraft.skull":1,"stat.pickup.minecraft.stone_stairs":1,"stat.craftItem.minecraft.sand":1,"stat.craftItem.minecraft.fence_gate":2,"stat.playOneMinute":888148,"stat.pickup.twilightforest.twilight_oak_planks":4,"stat.useItem.sky_orchards.acorn_dirt":4,"stat.pickup.mekanism.otherdust":2,"stat.useItem.integrateddynamics.menril_sapling":2,"stat.pickup.minecraft.iron_bars":1,"stat.pickup.minecraft.netherrack":67,"stat.mineBlock.conarm.armorstation":1,"stat.pickup.tconstruct.casting":2,"stat.craftItem.telepastries.twilight_cake":1,"stat.craftItem.tp.cobblegen_block":1,"stat.mineBlock.minecraft.netherrack":75,"stat.pickup.sky_orchards.acorn_petrified":37,"stat.craftItem.sky_orchards.sapling_diamond":2,"stat.killEntity.twilightforest.death_tome":2,"stat.useItem.inspirations.wooden_crook":685,"stat.pickup.sky_orchards.resin_sand":74,"stat.fallOneCm":495333,"stat.useItem.horsepower.chopping_block":1,"stat.pickup.nuclearcraft.ore":8,"stat.pickup.minecraft.melon_seeds":1,"stat.pickup.sky_orchards.sapling_netherrack":3,"stat.craftItem.tconstruct.toolforge":1,"stat.craftItem.minecraft.chest":65,"stat.useItem.cyclicmagic.inventory_food":1,"stat.mineBlock.sky_orchards.leaves_sand":68,"stat.pickup.sky_orchards.sapling_sand":36,"stat.mineBlock.nuclearcraft.ore":7,"stat.pickup.sky_orchards.resin_tin":12,"stat.pickup.minecraft.feather":5,"stat.craftItem.tconstruct.materials":32,"stat.pickup.sky_orchards.sapling_gold":1,"stat.useItem.minecraft.stone_pickaxe":10,"stat.useItem.minecraft.stone_sword":247,"stat.mineBlock.sky_orchards.log_bone":20,"stat.useItem.pickletweaks.diamond_paxel":596,"stat.drop.advancementbook.advancement_book":1,"stat.craftItem.sky_orchards.amber_tin":2,"stat.pickup.sky_orchards.sapling_prosperity":1,"stat.drop.minecraft.stick":1,"stat.pickup.twilightforest.trophy":1,"stat.useItem.minecraft.torch":61,"stat.pickup.sky_orchards.leaves_clay":89,"stat.pickup.advancementbook.advancement_book":2,"stat.pickup.minecraft.crafting_table":3,"stat.useItem.minecraft.log":3,"stat.pickup.sky_orchards.acorn_gold":2,"stat.craftItem.minecraft.crafting_table":8,"stat.craftItem.ceramics.clay_bucket":2,"stat.killEntity.twilightforest.redcap":24,"stat.pickup.minecraft.log":466,"stat.craftItem.twilightforest.twilight_oak_planks":180,"stat.pickup.matteroverdrive.rogue_android_part":1,"stat.drop.minecraft.planks":4,"stat.pickup.sky_orchards.acorn_sand":84,"stat.pickup.twilightforest.spiral_bricks":1,"stat.pickup.minecraft.sapling":35,"stat.useItem.xlfoodmod.donut":4,"stat.killEntity.rogue_android":3,"stat.pickup.minecraft.diamond_helmet":1,"stat.killEntity.WitherSkeleton":13,"stat.mineBlock.sky_orchards.log_clay":15,"stat.useItem.minecraft.stone_hoe":54,"stat.pickup.sky_orchards.acorn_lapis":6,"stat.craftItem.minecraft.sugar":5,"stat.useItem.integrateddynamics.menril_berries":39,"stat.mineBlock.sky_orchards.leaves_bacon":50,"stat.sneakTime":71641,"stat.pickup.sky_orchards.sapling_diamond":151,"stat.pickup.rustic.deathstalk_mushroom":14,"stat.pickup.cyclicmagic.charm_void":2,"stat.pickup.minecraft.stone_slab":7,"stat.craftItem.slabmachines.workbench_slab":4,"stat.useItem.sky_orchards.sapling_dirt":10,"stat.drop.minecraft.wooden_axe":1,"stat.pickup.minecraft.chest":1,"stat.killEntity.twilightforest.lich":1,"stat.mineBlock.integrateddynamics.menril_log_filled":15,"stat.pickup.minecraft.bone":14,"stat.craftItem.ceramics.unfired_clay":2,"stat.mineBlock.sky_orchards.leaves_gravel":139,"stat.mineBlock.sky_orchards.leaves_silver":144,"stat.pickup.sky_orchards.resin_dirt":110,"stat.useItem.minecraft.diamond_sword":622,"stat.craftItem.sky_orchards.amber_iron":23,"stat.swimOneCm":24029,"stat.useItem.sky_orchards.sapling_lapis":3,"stat.climbOneCm":6234,"stat.craftItem.inspirations.stone_crook":13,"stat.useItem.sky_orchards.sapling_bone":2,"stat.useItem.minecraft.dirt":2,"stat.pickup.tp.watering_can":1,"stat.useItem.storagenetwork.remote":1,"stat.craftItem.sky_orchards.sapling_bone":2,"stat.pickup.rustic.cohosh":6,"stat.craftItem.minecraft.stone_pickaxe":2,"stat.pickup.minecraft.cobblestone":127,"stat.mineBlock.chisel.limestone2":4,"stat.pickup.minecraft.clay":1,"stat.useItem.sky_orchards.sapling_donut":1,"stat.pickup.sky_orchards.resin_coal":6,"stat.craftItem.minecraft.wooden_slab":204,"stat.pickup.sky_orchards.sapling_petrified":48,"stat.pickup.mysticalagriculture.nickel_essence":10,"stat.mineBlock.sky_orchards.leaves_cottonwood":243,"stat.mineBlock.xlfoodmod.vanilla_flower":1,"stat.pickup.minecraft.mossy_cobblestone":1,"stat.killEntity.ranged_rogue_android":7,"stat.mineBlock.sky_orchards.sapling_sand":4,"stat.craftItem.minecraft.cake":1,"stat.mineBlock.thermalfoundation.ore":3,"stat.pickup.minecraft.stonebrick":1,"stat.useItem.sky_orchards.sapling_clay":5,"stat.mineBlock.minecraft.nether_brick":35,"stat.useItem.xlfoodmod.coffee":1,"stat.craftItem.tconstruct.soil":16,"stat.useItem.tconstruct.edible":18,"stat.mineBlock.sky_orchards.leaves_clay":203,"stat.craftItem.minecraft.stone_slab2":0,"stat.pickup.sky_orchards.sapling_cottonwood":43,"stat.pickup.mysticalagriculture.water_essence":83,"stat.pickup.minecraft.paper":47,"stat.craftItem.minecraft.stick":284,"stat.useItem.minecraft.stone_slab":118,"stat.pickup.integrateddynamics.menril_log":125,"stat.mineBlock.minecraft.crafting_table":3,"stat.pickup.xlfoodmod.waffle":2,"stat.useItem.minecraft.carrot":45,"stat.craftItem.animalcrops.seeds":6,"stat.craftItem.minecraft.clay_ball":8,"stat.pickup.minecraft.diamond_chestplate":1,"stat.pickup.sky_orchards.amber_silver":1,"stat.pickup.xlfoodmod.coffee_cup":1,"stat.mineBlock.minecraft.planks":108,"stat.drop":8,"stat.craftItem.minecraft.diamond_pickaxe":2,"stat.craftItem.pickletweaks.diamond_paxel":2,"stat.craftItem.minecraft.clay":69,"stat.pickup.integrateddynamics.crystalized_menril_chunk":30,"stat.useItem.inspirations.stone_crook":2938,"stat.pickup.sky_orchards.acorn_cottonwood":40,"stat.pickup.rustic.wildberry_bush":1,"stat.mineBlock.sky_orchards.leaves_bone":194,"stat.useItem.minecraft.diamond_axe":5,"stat.useItem.minecraft.apple":1,"stat.pickup.minecraft.stone_brick_stairs":2,"stat.pickup.astralsorcery.itemrockcrystalsimple":3,"stat.pickup.minecraft.diamond_sword":1,"stat.pickup.sky_orchards.leaves_iron":4,"stat.pickup.sky_orchards.acorn_tin":5,"stat.craftItem.tconstruct.rack":8,"stat.pickup.minecraft.fence":5,"stat.useItem.tconstruct.tooltables":1,"stat.pickup.sky_orchards.sapling_redstone":1,"stat.pickup.sky_orchards.acorn_donut":5,"stat.useItem.minecraft.stone_axe":728,"stat.craftItem.minecraft.bread":51,"stat.pickup.minecraft.spider_eye":11,"stat.pickup.tconstruct.slime_congealed":16,"stat.pickup.sky_orchards.leaves_cottonwood":2,"stat.mineBlock.minecraft.iron_bars":1,"stat.pickup.conarm.armorstation":1,"stat.pickup.inspirations.sugar_cane_seeds":34,"stat.pickup.minecraft.leaves":51,"stat.mineBlock.tconstruct.tooltables":2,"stat.mineBlock.minecraft.leaves2":56,"stat.mineBlock.sky_orchards.log_lapis":4,"stat.pickup.matteroverdrive.dilithium_crystal":4,"stat.pickup.mysticalagriculture.crafting":1953,"stat.pickup.minecraft.reeds":823,"stat.pickup.mysticalagriculture.fertilized_essence":7,"stat.pickup.storagenetwork.storage_kabel":1,"stat.pickup.tconstruct.materials":1,"stat.craftItem.minecraft.glass":1,"stat.damageDealt":40823,"stat.craftItem.resourcehogs.mud_bucket":2,"stat.pickup.twilightforest.twilight_log":45,"stat.mineBlock.sky_orchards.log_iron":46,"stat.killEntity.Cow":1,"stat.killEntity.Pig":2,"stat.pickup.sky_orchards.acorn_bone":50,"stat.craftItem.minecraft.stone_shovel":2,"stat.walkOneCm":2208058,"stat.pickup.ceramics.clay_bucket":1,"stat.pickup.sky_orchards.resin_donut":5,"stat.useItem.cyclicmagic.corrupted_chorus":1,"stat.pickup.twilightforest.nagastone_pillar":2,"stat.pickup.minecraft.stick":15,"stat.craftItem.sky_orchards.sapling_bacon":2,"stat.mineBlock.matteroverdrive.dilithium_ore":4,"stat.mineBlock.compactstorage.compactchest":4,"stat.craftItem.inspirations.wooden_crook":8,"stat.pickup.sky_orchards.acorn_clay":38,"stat.pickup.cyclicmagic.inventory_food":1,"stat.mineBlock.sky_orchards.log_silver":14,"stat.mineBlock.sky_orchards.log_gravel":44,"stat.pickup.sky_orchards.acorn_gravel":37,"stat.pickup.minecraft.stone":8,"stat.pickup.sky_orchards.acorn_silver":17,"stat.killEntity.twilightforest.deer":1,"stat.pickup.sky_orchards.sapling_gravel":34,"stat.pickup.minecraft.air":0,"stat.pickup.sky_orchards.sapling_silver":33,"stat.killEntity.Skeleton":15,"stat.craftItem.bdsandm.wood_crate":2,"stat.killEntity.Chicken":2,"stat.killEntity.Spider":14,"stat.mineBlock.minecraft.quartz_ore":1,"stat.pickup.yoyos.book":1,"stat.craftItem.minecraft.fence":447,"stat.mineBlock.tp.blackberry_bush":2,"stat.mineBlock.minecraft.leaves":94,"stat.craftItem.sky_orchards.amber_diamond":17,"stat.pickup.sky_orchards.leaves_tin":52,"stat.mineBlock.tconstruct.casting":3,"stat.killEntity.twilightforest.wild_boar":1,"stat.pickup.xlfoodmod.donut":19,"stat.mineBlock.minecraft.stone":168}