{"stat.chestOpened":11,"stat.walkOneCm":36461,"stat.pickup.minecraft.wooden_slab":1,"stat.leaveGame":2,"stat.craftItem.minecraft.crafting_table":1,"stat.drop.questbook.itemquestbook":2,"stat.pickup.questbook.itemquestbook":2,"stat.drop.gendustry.apiary.upgrade":1,"stat.pickup.minecraft.log":31,"stat.jump":85,"stat.swimOneCm":126,"stat.fallOneCm":3519,"stat.useItem.minecraft.planks":86,"stat.crouchOneCm":5843,"stat.pickup.minecraft.sapling":14,"stat.craftItem.tconstruct.tooltables":1,"stat.sprintOneCm":8200,"stat.useItem.minecraft.stone_slab2":9,"stat.pickup.minecraft.apple":1,"stat.craftItem.minecraft.stick":4,"stat.craftItem.minecraft.wooden_axe":2,"stat.useItem.minecraft.sapling":4,"stat.craftItem.minecraft.planks":124,"stat.damageTaken":210,"stat.mineBlock.minecraft.log":12,"stat.pickup.minecraft.planks":2,"stat.flyOneCm":8818,"stat.mineBlock.minecraft.planks":2,"stat.drop":3,"stat.mineBlock.minecraft.leaves":7,"stat.playOneMinute":30198,"stat.craftItem.minecraft.wooden_slab":24,"stat.sneakTime":2970,"stat.timeSinceDeath":30198,"stat.useItem.minecraft.wooden_axe":14,"stat.useItem.minecraft.wooden_slab":19}