{"stat.chestOpened":11,"stat.craftItem.skyresources.waterextractor":6,"stat.pickup.tconstruct.tooltables":1,"stat.walkOneCm":130596,"stat.useItem.minecraft.chest":2,"stat.pickup.minecraft.wooden_slab":7,"stat.drop.tconstruct.tooltables":1,"stat.leaveGame":2,"stat.useItem.minecraft.log":1,"stat.pickup.minecraft.clay_ball":4,"stat.craftItem.minecraft.crafting_table":7,"stat.useItem.minecraft.apple":2,"stat.useItem.tconstruct.rack":7,"stat.craftItem.sc.compressedwaterextractor":2,"stat.pickup.minecraft.log":146,"stat.jump":440,"stat.swimOneCm":1319,"stat.craftItem.tconstruct.rack":8,"stat.fallOneCm":41987,"stat.useItem.tconstruct.tooltables":2,"stat.useItem.sc.compressedwaterextractor":3,"stat.craftItem.tconstruct.wooden_hopper":1,"stat.pickup.minecraft.gunpowder":1,"stat.crouchOneCm":60711,"stat.craftItem.minecraft.chest":7,"stat.craftItem.tconstruct.tooltables":22,"stat.pickup.minecraft.sapling":49,"stat.pickup.minecraft.dirt":12,"stat.useItem.minecraft.dirt":2,"stat.sprintOneCm":11758,"stat.useItem.minecraft.stone_slab2":32,"stat.pickup.minecraft.apple":5,"stat.craftItem.minecraft.stick":136,"stat.craftItem.minecraft.wooden_axe":2,"stat.craftItem.skyresources.baseitemcomponent":9,"stat.useItem.minecraft.sapling":25,"stat.mineBlock.tconstruct.rack":1,"stat.craftItem.minecraft.planks":392,"stat.mineBlock.tconstruct.tooltables":1,"stat.craftItem.tconstruct.pattern":8,"stat.useItem.skyresources.baseitemcomponent":4,"stat.damageTaken":420,"stat.mineBlock.minecraft.sapling":1,"stat.mineBlock.minecraft.wooden_slab":7,"stat.mineBlock.minecraft.log":148,"stat.entityKilledBy.Creeper":1,"stat.mineBlock.minecraft.clay":1,"stat.flyOneCm":15734,"stat.deaths":2,"stat.drop":1,"stat.mineBlock.minecraft.leaves":66,"stat.playOneMinute":199888,"stat.pickup.tconstruct.rack":1,"stat.pickup.gendustry.apiary.upgrade":1,"stat.craftItem.minecraft.wooden_slab":486,"stat.sneakTime":17144,"stat.damageDealt":90,"stat.timeSinceDeath":11299,"stat.useItem.minecraft.wooden_axe":86,"stat.mineBlock.minecraft.dirt":12,"stat.useItem.minecraft.wooden_slab":456}