{"stat.chestOpened":4,"stat.pickup.minecraft.log":1,"stat.walkOneCm":7051,"stat.drop":2,"stat.jump":14,"stat.mineBlock.minecraft.leaves":4,"stat.pickup.minecraft.wooden_slab":1,"stat.playOneMinute":13146,"stat.fallOneCm":2371,"stat.craftItem.minecraft.planks":4,"stat.leaveGame":1,"stat.sneakTime":242,"stat.damageTaken":80,"stat.craftItem.minecraft.crafting_table":1,"stat.crouchOneCm":22,"stat.timeSinceDeath":13146,"stat.pickup.minecraft.sapling":3,"stat.craftItem.tconstruct.tooltables":1,"stat.drop.questbook.itemquestbook":2,"stat.sprintOneCm":233,"stat.useItem.minecraft.stone_slab2":1,"stat.pickup.questbook.itemquestbook":2}