{"stat.walkOneCm":68016,"stat.useItem.minecraft.sapling":16,"stat.useItem.minecraft.chest":2,"stat.craftItem.minecraft.planks":92,"stat.leaveGame":2,"stat.craftItem.minecraft.crafting_table":4,"stat.mineBlock.minecraft.sapling":1,"stat.mineBlock.minecraft.log":92,"stat.pickup.minecraft.log":91,"stat.flyOneCm":44,"stat.mineBlock.minecraft.leaves":56,"stat.jump":284,"stat.playOneMinute":163888,"stat.fallOneCm":3659,"stat.useItem.tconstruct.tooltables":2,"stat.craftItem.minecraft.wooden_slab":78,"stat.sneakTime":9577,"stat.crouchOneCm":35472,"stat.timeSinceDeath":163888,"stat.craftItem.minecraft.chest":4,"stat.pickup.minecraft.sapling":28,"stat.craftItem.tconstruct.tooltables":9,"stat.useItem.minecraft.wooden_axe":36,"stat.pickup.minecraft.dirt":3,"stat.sprintOneCm":438,"stat.mineBlock.minecraft.dirt":3,"stat.useItem.minecraft.stone_slab2":9,"stat.useItem.minecraft.wooden_slab":67,"stat.pickup.minecraft.apple":3,"stat.craftItem.minecraft.stick":4,"stat.craftItem.minecraft.wooden_axe":1}