{"stat.chestOpened":13,"stat.walkOneCm":57907,"stat.pickup.minecraft.wooden_slab":1,"stat.leaveGame":3,"stat.useItem.minecraft.log":4,"stat.craftItem.minecraft.crafting_table":1,"stat.useItem.minecraft.apple":1,"stat.useItem.tconstruct.rack":3,"stat.drop.questbook.itemquestbook":2,"stat.pickup.questbook.itemquestbook":2,"stat.killEntity.Creeper":1,"stat.drop.gendustry.apiary.upgrade":1,"stat.pickup.minecraft.log":56,"stat.jump":147,"stat.swimOneCm":126,"stat.craftItem.tconstruct.rack":5,"stat.fallOneCm":4377,"stat.useItem.minecraft.planks":87,"stat.entityKilledBy.Skeleton":1,"stat.crouchOneCm":7498,"stat.pickup.minecraft.sapling":20,"stat.craftItem.tconstruct.tooltables":1,"stat.sprintOneCm":14594,"stat.useItem.minecraft.stone_slab2":12,"stat.pickup.minecraft.apple":1,"stat.craftItem.minecraft.stick":12,"stat.craftItem.minecraft.wooden_axe":2,"stat.useItem.minecraft.sapling":5,"stat.useItem.carryon.tile_item":4,"stat.craftItem.minecraft.planks":208,"stat.damageTaken":320,"stat.mobKills":1,"stat.craftItem.minecraft.wooden_sword":1,"stat.mineBlock.minecraft.log":45,"stat.pickup.minecraft.planks":2,"stat.flyOneCm":19095,"stat.mineBlock.minecraft.planks":2,"stat.deaths":1,"stat.drop":3,"stat.mineBlock.minecraft.leaves":19,"stat.playOneMinute":44195,"stat.useItem.minecraft.wooden_sword":8,"stat.craftItem.minecraft.wooden_slab":36,"stat.sneakTime":4306,"stat.damageDealt":327,"stat.timeSinceDeath":826,"stat.useItem.minecraft.wooden_axe":56,"stat.useItem.minecraft.wooden_slab":19}