{"stat.chestOpened":71,"stat.pickup.tconstruct.tooltables":1,"stat.pickup.minecraft.bone":2,"stat.pickup.minecraft.wooden_slab":7,"stat.pickup.skyresources.combustionheater":1,"stat.leaveGame":2,"stat.drop.minecraft.gunpowder":6,"stat.useItem.minecraft.apple":2,"stat.pickup.tconstruct.edible":10,"stat.craftItem.minecraft.coal":2,"stat.swimOneCm":1319,"stat.jump":559,"stat.craftItem.tconstruct.rack":8,"stat.fallOneCm":43681,"stat.useItem.tconstruct.tooltables":2,"stat.useItem.minecraft.planks":8,"stat.pickup.harvestcraft.beefjerkyitem":1,"stat.craftItem.tconstruct.wooden_hopper":1,"stat.pickup.minecraft.gunpowder":9,"stat.drop.minecraft.wooden_sword":1,"stat.crouchOneCm":63848,"stat.pickup.minecraft.blaze_powder":6,"stat.craftItem.minecraft.chest":7,"stat.craftItem.minecraft.torch":4,"stat.pickup.minecraft.dirt":12,"stat.useItem.minecraft.dirt":5,"stat.craftItem.skyresources.heat":4,"stat.useItem.minecraft.stone_slab2":41,"stat.pickup.minecraft.rotten_flesh":3,"stat.useItem.minecraft.sapling":28,"stat.mineBlock.tconstruct.rack":1,"stat.mineBlock.tconstruct.tooltables":1,"stat.craftItem.tconstruct.pattern":8,"stat.damageTaken":634,"stat.craftItem.minecraft.trapdoor":6,"stat.craftItem.minecraft.wooden_button":1,"stat.entityKilledBy.ancient_golem":1,"stat.mineBlock.minecraft.sapling":1,"stat.mineBlock.skyresources.casing":1,"stat.mineBlock.minecraft.wooden_slab":7,"stat.craftItem.minecraft.wooden_sword":2,"stat.pickup.mysticalagriculture.crafting":3,"stat.mineBlock.minecraft.clay":4,"stat.pickup.minecraft.planks":4,"stat.flyOneCm":32061,"stat.craftItem.minecraft.wooden_slab":558,"stat.craftItem.skyresources.dirtfurnace":2,"stat.damageDealt":1864,"stat.pickup.harvestcraft.zombiejerkyitem":1,"stat.timeSinceDeath":19970,"stat.mineBlock.minecraft.dirt":12,"stat.useItem.minecraft.wooden_slab":505,"stat.craftItem.skyresources.waterextractor":6,"stat.walkOneCm":195993,"stat.useItem.minecraft.chest":2,"stat.drop.tconstruct.tooltables":1,"stat.pickup.minecraft.stick":1,"stat.useItem.minecraft.log":2,"stat.pickup.minecraft.clay_ball":16,"stat.craftItem.minecraft.crafting_table":7,"stat.useItem.tconstruct.rack":7,"stat.pickup.minecraft.wooden_button":2,"stat.craftItem.sc.compressedwaterextractor":2,"stat.killEntity.Creeper":3,"stat.craftItem.skyresources.blazepowderblock":1,"stat.pickup.minecraft.wooden_sword":1,"stat.pickup.embers.archaic_brick":7,"stat.craftItem.thermalfoundation.material":2,"stat.pickup.minecraft.log":190,"stat.pickup.minecraft.string":2,"stat.pickup.tombstone.grave_dust":1,"stat.mineBlock.minecraft.wooden_button":2,"stat.useItem.sc.compressedwaterextractor":6,"stat.craftItem.minecraft.stone_slab2":0,"stat.pickup.skyresources.casing":1,"stat.craftItem.tconstruct.tooltables":22,"stat.pickup.minecraft.sapling":77,"stat.useItem.minecraft.trapdoor":1,"stat.sprintOneCm":29202,"stat.killEntity.ancient_golem":1,"stat.pickup.minecraft.apple":8,"stat.craftItem.minecraft.stick":144,"stat.craftItem.minecraft.wooden_axe":2,"stat.craftItem.skyresources.baseitemcomponent":12,"stat.craftItem.ceramics.clay_barrel":2,"stat.killEntity.Skeleton":1,"stat.craftItem.minecraft.planks":480,"stat.craftItem.skyresources.combustionheater":2,"stat.useItem.skyresources.baseitemcomponent":6,"stat.pickup.extrautils2.drum":1,"stat.killEntity.Spider":1,"stat.craftItem.skyresources.casing":2,"stat.mobKills":7,"stat.craftItem.ceramics.clay_barrel_unfired":2,"stat.mineBlock.minecraft.log":184,"stat.entityKilledBy.Creeper":1,"stat.deaths":3,"stat.mineBlock.minecraft.planks":4,"stat.drop":8,"stat.pickup.embers.ancient_motive_core":1,"stat.mineBlock.minecraft.leaves":81,"stat.playOneMinute":235889,"stat.pickup.tconstruct.rack":1,"stat.useItem.minecraft.wooden_sword":55,"stat.pickup.gendustry.apiary.upgrade":1,"stat.sneakTime":17832,"stat.killEntity.Zombie":2,"stat.useItem.minecraft.wooden_axe":114}