{"stat.craftItem.tp.growth_upgrade_two":0,"stat.useItem.minecraft.bow":4,"stat.mineBlock.sky_orchards.log_coal":24,"stat.craftItem.realfilingcabinet.modelcabinet":9,"stat.useItem.minecraft.quartz_block":382,"stat.pickup.projecte.item.pe_volcanite_amulet":1,"stat.craftItem.mysticalagriculture.infusion_crystal":3,"stat.pickup.industrialforegoing.plant_interactor":2,"stat.pickup.mekanism.machineblock2":1,"stat.drop.minecraft.gunpowder":4,"stat.pickup.cyclicmagic.cable_wireless_energy":8,"stat.craftItem.sky_orchards.amber_bone":1,"stat.mineBlock.minecraft.stained_glass":4,"stat.pickup.mysticalagriculture.watering_can":2,"stat.pickup.tconstruct.faucet":1,"stat.mineBlock.minecraft.web":8,"stat.useItem.sky_orchards.sapling_copper":1,"stat.mineBlock.sky_orchards.log_dirt":75,"stat.craftItem.projecte.item.pe_harvest_god":1,"stat.pickup.minecraft.rotten_flesh":158,"stat.pickup.mysticalagriculture.dirt_seeds":74,"stat.mineBlock.nuclearcraft.manufactory_idle":2,"stat.pickup.uppers.upper":2,"stat.craftItem.minecraft.stone_axe":11,"stat.pickup.sky_orchards.resin_emerald":114,"stat.pickup.minecraft.bucket":5,"stat.pickup.minecraft.brown_mushroom":13,"stat.pickup.integrateddynamics.menril_berries":92,"stat.useItem.tconstruct.slime_sapling":1,"stat.mineBlock.weirdinggadget.weirding_gadget":2,"stat.useItem.minecraft.iron_pickaxe":12,"stat.craftItem.tp.diamond_cobblegen_block":1,"stat.pickup.minecraft.double_plant":65,"stat.craftItem.minecraft.glass_pane":16,"stat.craftItem.cyclicmagic.energy_pump":3,"stat.pickup.minecraft.light_weighted_pressure_plate":5,"stat.furnaceInteraction":211,"stat.drop.mekanism.energycube":1,"stat.useItem.sky_orchards.sapling_gold":7,"stat.pickup.minecraft.nether_brick":67,"stat.craftItem.sky_orchards.acorn_dirt":14,"stat.pickup.sky_orchards.acorn_coal":42,"stat.useItem.compactstorage.compactchest":7,"stat.pickup.deepmoblearning.living_matter_overworldian":172,"stat.pickup.sky_orchards.acorn_dirt":104,"stat.craftItem.weirdinggadget.weirding_gadget":2,"stat.useItem.rustic.wildberries":52,"stat.pickup.mysticalagriculture.tier1_inferium_seeds":108,"stat.pickup.ceramics.unfired_clay":2,"stat.mineBlock.tconstruct.ore":45,"stat.mineBlock.twilightforest.naga_stone":4,"stat.useItem.minecraft.flint_and_steel":10,"stat.mineBlock.minecraft.fence":3,"stat.useItem.minecraft.wheat_seeds":4,"stat.pickup.nuclearcraft.lithium_ion_battery_elite":62,"stat.pickup.cyclicmagic.energy_pump":12,"stat.mineBlock.sky_orchards.log_tin":5,"stat.killEntity.twilightforest.naga":1,"stat.craftItem.projecte.item.pe_ring_iron_band":2,"stat.pickup.mysticalagriculture.blaze_seeds":475,"stat.useItem.cyclicmagic.builder_block":1,"stat.pickup.minecraft.emerald":42,"stat.pickup.sky_orchards.sapling_copper":11,"stat.pickup.minecraft.lever":9,"stat.deaths":4,"stat.craftItem.projecte.transmutation_table":2,"stat.pickup.tp.growth_block":4,"stat.pickup.minecraft.egg":114,"stat.pickup.mysticalagriculture.nickel_seeds":132,"stat.useItem.simplegenerators.combustion_upgradable":1,"stat.mineBlock.integrateddynamics.coal_generator":2,"stat.craftItem.minecraft.iron_pickaxe":3,"stat.pickup.sky_orchards.sapling_lapis":7,"stat.mineBlock.projecte.interdiction_torch":1,"stat.pickup.minecraft.glass_pane":14,"stat.pickup.mekanism.energycube":3,"stat.craftItem.minecraft.repeater":8,"stat.fishCaught":4,"stat.useItem.sky_orchards.sapling_sand":69,"stat.chestOpened":1095,"stat.useItem.sky_orchards.acorn_petrified":4,"stat.pickup.industrialforegoing.enchantment_invoker":1,"stat.craftItem.cyclicmagic.clock":2,"stat.pickup.sky_orchards.acorn_cobalt":8,"stat.pickup.rustic.chamomile":3,"stat.mineBlock.sky_orchards.leaves_iron":51,"stat.craftItem.minecraft.quartz_block":5,"stat.pickup.minecraft.gold_nugget":21,"stat.mineBlock.appliedenergistics2.crafting_accelerator":33,"stat.craftItem.minecraft.coal":15,"stat.pickup.telepastries.twilight_cake":1,"stat.craftItem.matteroverdrive.tritanium_ingot":1,"stat.craftItem.mysticalagriculture.stone_seeds":1,"stat.pickup.minecraft.carrot":1065,"stat.crouchOneCm":463457,"stat.mineBlock.projecte.dm_pedestal":2,"stat.craftItem.minecraft.diamond":504,"stat.craftItem.minecraft.iron_ingot":103,"stat.pickup.rustic.grape_stem":45,"stat.pickup.mysticalagriculture.emerald_essence":4540,"stat.pickup.bonsaitrees.bonsaipot":4,"stat.craftItem.xlfoodmod.cooked_dough":16,"stat.craftingTableInteraction":21,"stat.pickup.minecraft.repeater":1,"stat.craftItem.tconstruct.pattern":24,"stat.craftItem.simplegenerators.nether_simple":1,"stat.mineBlock.minecraft.log2":36,"stat.mineBlock.tconstruct.smeltery_io":1,"stat.pickup.minecraft.dye":22830,"stat.craftItem.cyclicmagic.sprout_seed":12,"stat.pickup.minecraft.planks":75,"stat.pickup.sky_orchards.resin_iron":113,"stat.pickup.chisel.limestone2":333,"stat.pickup.weirdinggadget.weirding_gadget":2,"stat.pickup.sky_orchards.acorn_prosperity":133,"stat.craftItem.minecraft.magma":3,"stat.pickup.storagenetwork.ex_kabel":9,"stat.mineBlock.sky_orchards.leaves_lapis":1,"stat.pickup.compactstorage.compactchest":14,"stat.pickup.tconstruct.pattern":3,"stat.pickup.sky_orchards.sapling_iron":84,"stat.mineBlock.bdsandm.wood_barrel":79,"stat.useItem.realfilingcabinet.modelcabinet":3,"stat.drop.minecraft.rotten_flesh":2,"stat.useItem.cyclicmagic.block_storeempty":20,"stat.pickup.minecraft.magma":63,"stat.mineBlock.sky_orchards.sapling_clay":1,"stat.pickup.cyclicmagic.sprout_seed":11,"stat.mineBlock.industrialforegoing.block_destroyer":1,"stat.drop.yoyos.yoyo":1,"stat.craftItem.tp.wooden_shears":4,"stat.pickup.sky_orchards.resin_gravel":302,"stat.mineBlock.rustic.barrel":1,"stat.pickup.yoyos.yoyo":2,"stat.pickup.sky_orchards.resin_silver":118,"stat.craftItem.sky_orchards.acorn_gravel":21,"stat.drop.minecraft.sapling":18,"stat.pickup.minecraft.chicken":17,"stat.mineBlock.extracells.certustank":1,"stat.craftItem.cyclicmagic.auto_crafter":1,"stat.mineBlock.twilightforest.twilight_leaves":16,"stat.pickup.slabmachines.workbench_slab":3,"stat.craftItem.enderutilities.enderpart":0,"stat.pickup.minecraft.coal_block":2,"stat.useItem.mysticalagriculture.growth_accelerator":241,"stat.craftItem.minecraft.bucket":13,"stat.craftItem.minecraft.planks":1352,"stat.craftItem.minecraft.dirt":88,"stat.craftItem.minecraft.fishing_rod":2,"stat.mineBlock.realfilingcabinet.modelcabinet":3,"stat.useItem.mysticalagriculture.emerald_seeds":222,"stat.mineBlock.projecte.alchemical_chest":1,"stat.pickup.minecraft.book":242,"stat.useItem.minecraft.stonebrick":4,"stat.craftItem.minecraft.log":5810,"stat.craftItem.storagenetwork.master":2,"stat.pickup.appliedenergistics2.crafting_storage_64k":12,"stat.useItem.sky_orchards.sapling_diamond":13,"stat.useItem.sky_orchards.acorn_sand":18,"stat.pickup.integrateddynamics.coal_generator":1,"stat.mineBlock.industrialforegoing.lava_fabricator":1,"stat.pickup.appliedenergistics2.part":61,"stat.pickup.nuclearcraft.isotope_separator_idle":2,"stat.useItem.sky_orchards.sapling_netherrack":2,"stat.craftItem.minecraft.cobblestone":4,"stat.mineBlock.sky_orchards.leaves_prosperity":50,"stat.pickup.cyclicmagic.sprinkler":72,"stat.pickup.minecraft.bookshelf":24,"stat.mineBlock.minecraft.cobblestone":31,"stat.pickup.minecraft.flint":249,"stat.killEntity.Human":5,"stat.pickup.rustic.mooncap_mushroom":20,"stat.craftItem.sky_orchards.sapling_emerald":1,"stat.useItem.cyclicmagic.cyclic_wand_build":1,"stat.pickup.appliedenergistics2.molecular_assembler":2,"stat.pickup.realfilingcabinet.modelcabinet":4,"stat.craftItem.minecraft.clock":1,"stat.drop.minecraft.cobblestone":1,"stat.craftItem.projecte.alchemical_chest":2,"stat.mineBlock.morecauldrons.oak_cauldron":1,"stat.craftItem.mob_grinding_utils.absorption_hopper":0,"stat.mineBlock.sky_orchards.leaves_redstone":4,"stat.useItem.minecraft.stone_slab2":2195,"stat.pickup.forge.bucketfilled":2,"stat.pickup.minecraft.iron_boots":16,"stat.pickup.minecraft.stone_hoe":3,"stat.useItem.mysticalagriculture.fire_seeds":13,"stat.craftItem.minecraft.furnace":41,"stat.craftItem.minecraft.lapis_block":5,"stat.pickup.thermalfoundation.ore":239,"stat.mineBlock.cyclicmagic.trash":3,"stat.pickup.tp.cobblegen_block":1,"stat.craftItem.minecraft.iron_boots":5,"stat.mineBlock.projecte.transmutation_table":4,"stat.pickup.yoyos.cord":6,"stat.craftItem.storagenetwork.ex_kabel":12,"stat.pickup.tp.wooden_shears":3,"stat.pickup.cyclicmagic.tool_auto_torch":2,"stat.useItem.mysticalagriculture.fertilized_essence":76,"stat.mineBlock.morecauldrons.cobble_cauldron":9,"stat.pickup.mysticalagradditions.tinkering_table":1,"stat.useItem.minecraft.wooden_slab":181,"stat.drop.minecraft.spider_eye":1,"stat.craftItem.minecraft.iron_block":16,"stat.craftItem.telepastries.overworld_cake":4,"stat.pickup.twilightforest.naga_scale":20,"stat.pickup.xlfoodmod.cucumber_seeds":18,"stat.pickup.thermaldynamics.duct_0":17,"stat.mineBlock.cyclicmagic.block_hydrator":1,"stat.pickup.sky_orchards.acorn_lead":2,"stat.killEntity.Creeper":3,"stat.mineBlock.industrialforegoing.enchantment_refiner":1,"stat.craftItem.mysticalagriculture.master_infusion_crystal":1,"stat.ae2.ItemsInserted":87892,"stat.pickup.pickletweaks.diamond_paxel":1,"stat.pickup.inspirations.path":33,"stat.mineBlock.rustic.sapling_apple":1,"stat.pickup.tombstone.crafting_ingredient":9,"stat.craftItem.projecte.item.pe_dm_sword":1,"stat.useItem.matteroverdrive.android_pill":3,"stat.craftItem.tconstruct.stone_stick":12,"stat.useItem.sky_orchards.sapling_petrified":21,"stat.sprintOneCm":1431584,"stat.mineBlock.minecraft.stone_slab":99,"stat.drop.tombstone.book_of_disenchantment":1,"stat.pickup.cyclicmagic.ender_pearl_mounted":2,"stat.useItem.carryon.tile_item":16,"stat.pickup.bdsandm.wood_barrel":79,"stat.mineBlock.sky_orchards.leaves_petrified":602,"stat.pickup.projecte.condenser_mk1":4,"stat.craftItem.projecte.nova_catalyst":12,"stat.mineBlock.sky_orchards.sapling_iron":2,"stat.pickup.sky_orchards.sapling_emerald":43,"stat.mineBlock.sky_orchards.log_lead":2,"stat.craftItem.mysticalagriculture.tier4_inferium_seeds":4,"stat.drop.bdsandm.wood_barrel":1,"stat.craftItem.mysticalagriculture.water_seeds":1,"stat.pickup.minecraft.sugar":31,"stat.pickup.simplegenerators.combustion_upgradable":3,"stat.pickup.sky_orchards.resin_diamond":2787,"stat.mineBlock.bonsaitrees.bonsaipot":2,"stat.craftItem.minecraft.emerald":3,"stat.pickup.minecraft.iron_block":1,"stat.killEntity.Zombie":112,"stat.craftItem.deepmoblearning.data_model_blank":2,"stat.craftItem.minecraft.dye":2791,"stat.mineBlock.industrialforegoing.enchantment_aplicator":1,"stat.mineBlock.tp.maloberry_bush":1,"stat.pickup.projecte.condenser_mk2":1,"stat.useItem.animalcrops.seeds":25,"stat.craftItem.minecraft.diamond_axe":1,"stat.pickup.minecraft.wheat":471,"stat.mineBlock.projecte.relay_mk3":4,"stat.pickup.deepmoblearning.pristine_matter_zombie":24,"stat.craftItem.minecraft.cooked_porkchop":1,"stat.mineBlock.tconstruct.slime_leaves":18,"stat.pickup.minecraft.obsidian":28,"stat.pickup.mysticalagriculture.gold_essence":5004,"stat.pickup.storagenetwork.kabel":17,"stat.craftItem.sky_orchards.sapling_coal":1,"stat.pickup.sky_orchards.resin_clay":175,"stat.drop.mysticalagriculture.blaze_essence":2,"stat.pickup.xlfoodmod.onion":25,"stat.pickup.industrialforegoing.lava_fabricator":1,"stat.useItem.mysticalagriculture.iron_seeds":221,"stat.pickup.minecraft.coal":693,"stat.pickup.minecraft.iron_ingot":347,"stat.pickup.tconstruct.seared_tank":1,"stat.mineBlock.sky_orchards.leaves_copper":5,"stat.craftItem.minecraft.lever":2,"stat.pickup.minecraft.gunpowder":6,"stat.mineBlock.sky_orchards.log_sand":288,"stat.pickup.minecraft.dirt":583,"stat.pickup.simplegenerators.nether_upgradable":23,"stat.craftItem.realfilingcabinet.emptyfolder":56,"stat.brewingstandInteraction":13,"stat.useItem.cyclicmagic.tool_rotate":4,"stat.mineBlock.minecraft.torch":74,"stat.mineBlock.minecraft.red_flower":37,"stat.pickup.yoyos.yoyo_axle":1,"stat.pickup.minecraft.magma_cream":4,"stat.pickup.minecraft.ender_eye":53,"stat.craftItem.minecraft.comparator":2,"stat.craftItem.minecraft.sea_lantern":12,"stat.craftItem.minecraft.glowstone":16,"stat.pickup.cyclicmagic.block_user":6,"stat.useItem.integrateddynamics.menril_log":5,"stat.pickup.projecte.item.pe_harvest_god":1,"stat.pickup.sky_orchards.sapling_clay":135,"stat.killEntity.bouncy_creepers.bouncy_creeper":1,"stat.useItem.storagenetwork.storage_kabel":28,"stat.useItem.nuclearcraft.solar_panel_advanced":8,"stat.craftItem.tconstruct.smeltery_io":3,"stat.pickup.twilightforest.naga_stone":6,"stat.mineBlock.appliedenergistics2.molecular_assembler":2,"stat.pickup.cyclicmagic.corrupted_chorus":1,"stat.pickup.appliedenergistics2.quartz_glass":412,"stat.craftItem.projecte.item.pe_dm_axe":1,"stat.pickup.simplegenerators.soul_upgradable":11,"stat.useItem.minecraft.lava_bucket":1,"stat.pickup.minecraft.rabbit_foot":1,"stat.pickup.sky_orchards.sapling_donut":7,"stat.craftItem.mysticalagriculture.tier3_inferium_seeds":19,"stat.drop.enderutilities.builderswand":1,"stat.drop.inspirations.wooden_crook":1,"stat.pickup.sky_orchards.acorn_netherrack":41,"stat.craftItem.storagenetwork.im_kabel":12,"stat.craftItem.projecte.item.pe_swrg":2,"stat.pickup.tp.growth_upgrade_two":3,"stat.pickup.teslacorelib.machine_case":2,"stat.pickup.projecte.transmutation_table":4,"stat.pickup.nuclearcraft.uranium":69,"stat.mineBlock.integrateddynamics.creative_energy_battery":1,"stat.mobKills":444,"stat.pickup.cyclicmagic.fluid_pipe":56,"stat.pickup.minecraft.diamond_boots":1,"stat.mineBlock.minecraft.bookshelf":74,"stat.mineBlock.simplegenerators.geothermal_upgradable":1,"stat.mineBlock.sky_orchards.log_gold":38,"stat.pickup.minecraft.diamond":823,"stat.pickup.minecraft.beetroot_seeds":34,"stat.mineBlock.sky_orchards.log_nickel":19,"stat.mineBlock.sky_orchards.log_petrified":102,"stat.useItem.cyclicmagic.energy_pipe":63,"stat.pickup.valkyrielib.modifier_component":7,"stat.mineBlock.enderutilities.storage_0":1,"stat.pickup.inspirations.cactus_seeds":16,"stat.pickup.cyclicmagic.energy_pipe":28,"stat.useItem.inspirations.potato_seeds":4,"stat.useItem.minecraft.bookshelf":56,"stat.useItem.projecte.item.pe_volcanite_amulet":489,"stat.pickup.xlfoodmod.coffee":1,"stat.craftItem.cyclicmagic.block_enchanter":1,"stat.killEntity.Blaze":12,"stat.pickup.mysticalagriculture.iron_essence":37,"stat.mineBlock.mob_grinding_utils.absorption_hopper":3,"stat.useItem.cyclicmagic.fluid_pump":1,"stat.pickup.sky_orchards.resin_lead":19,"stat.craftItem.teslacorelib.machine_case":3,"stat.pickup.minecraft.golden_boots":1,"stat.pickup.minecraft.glowstone_dust":106,"stat.craftItem.horsepower.hand_grindstone":2,"stat.mineBlock.minecraft.nether_brick_fence":2,"stat.mineBlock.tp.growth_block":4,"stat.pickup.rustic.barrel":1,"stat.pickup.appliedenergistics2.crafting_accelerator":33,"stat.useItem.appliedenergistics2.molecular_assembler":11,"stat.mineBlock.projecte.condenser_mk2":1,"stat.mineBlock.projecte.condenser_mk1":3,"stat.useItem.cyclicmagic.sprout_seed":10,"stat.pickup.minecraft.observer":1,"stat.mineBlock.storagenetwork.ex_kabel":9,"stat.pickup.cyclicmagic.emerald_chestplate":1,"stat.craftItem.tconstruct.casting":3,"stat.mineBlock.twilightforest.twilight_log":2,"stat.pickup.sky_orchards.resin_bacon":10,"stat.mineBlock.darkutils.monolith":1,"stat.mineBlock.minecraft.snow_layer":8,"stat.mineBlock.nuclearcraft.isotope_separator_idle":2,"stat.killEntity.twilightforest.kobold":38,"stat.craftItem.deepmoblearning.soot_covered_plate":16,"stat.pickup.storagenetwork.request":1,"stat.mineBlock.industrialforegoing.plant_interactor":2,"stat.pickup.inspirations.mulch":3,"stat.craftItem.telepastries.lost_city_cake":1,"stat.mineBlock.sky_orchards.leaves_netherrack":40,"stat.craftItem.mysticalagriculture.fire_seeds":1,"stat.hopperInspected":3,"stat.pickup.resourcehogs.mud_bucket":2,"stat.pickup.tconstruct.slime_sapling":20,"stat.craftItem.projecte.item.pe_evertide_amulet":1,"stat.killEntity.twilightforest.bunny":1,"stat.craftItem.simplegenerators.combustion_simple":5,"stat.pickup.mekanismgenerators.generator":2,"stat.pickup.minecraft.ghast_tear":45,"stat.pickup.telepastries.overworld_cake":1,"stat.pickup.tp.blackberry_berry":1,"stat.craftItem.minecraft.magma_cream":16,"stat.craftItem.minecraft.observer":2,"stat.craftItem.thermalfoundation.material":88,"stat.mineBlock.sky_orchards.leaves_gold":51,"stat.craftItem.projecte.item.pe_dm_armor_3":1,"stat.craftItem.projecte.item.pe_dm_armor_2":1,"stat.craftItem.xlfoodmod.dough":32,"stat.craftItem.cyclicmagic.block_user":1,"stat.craftItem.cyclicmagic.block_storeempty":3,"stat.craftItem.projecte.item.pe_dm_armor_1":1,"stat.craftItem.projecte.item.pe_dm_armor_0":1,"stat.pickup.mysticalagriculture.nature_essence":397,"stat.pickup.mysticalagriculture.tier2_inferium_seeds":20,"stat.craftItem.projecte.item.pe_rm_axe":1,"stat.useItem.telepastries.overworld_cake":2,"stat.useItem.thermaldynamics.duct_0":28,"stat.drop.sky_orchards.resin_lead":8,"stat.pickup.minecraft.stone_stairs":1,"stat.mineBlock.storagenetwork.kabel":11,"stat.craftItem.mysticalagriculture.storage":105,"stat.pickup.tconstruct.slime_dirt":1,"stat.pickup.minecraft.pumpkin_seeds":23,"stat.mineBlock.simplegenerators.geothermal_simple":2,"stat.pickup.minecraft.saddle":4,"stat.mineBlock.minecraft.soul_sand":40,"stat.craftItem.simplegenerators.geothermal_simple":1,"stat.mineBlock.appliedenergistics2.dense_energy_cell":3,"stat.craftItem.minecraft.prismarine_crystals":1,"stat.pickup.minecraft.blaze_rod":8032,"stat.useItem.sky_orchards.acorn_dirt":14,"stat.craftItem.minecraft.diamond_block":11,"stat.pickup.mekanism.otherdust":16,"stat.pickup.animalcrops.seeds":67,"stat.craftItem.enderutilities.machine_1":0,"stat.mineBlock.cyclicmagic.block_user":5,"stat.pickup.minecraft.netherrack":107,"stat.pickup.cyclicmagic.exp_pylon":2,"stat.pickup.mysticalagriculture.ghast_essence":306,"stat.craftItem.telepastries.twilight_cake":1,"stat.pickup.tconstruct.casting":6,"stat.pickup.minecraft.waterlily":2,"stat.craftItem.storagenetwork.kabel":96,"stat.pickup.sky_orchards.acorn_petrified":126,"stat.pickup.tp.mycelium_seeds":13,"stat.pickup.sky_orchards.resin_sand":609,"stat.craftItem.minecraft.prismarine_shard":8,"stat.useItem.nuclearcraft.solar_panel_elite":62,"stat.craftItem.telepastries.end_cake":1,"stat.pickup.sky_orchards.resin_gold":66,"stat.useItem.minecraft.experience_bottle":1338,"stat.craftItem.inspirations.mulch":10,"stat.pickup.sky_orchards.sapling_cobalt":8,"stat.pickup.nuclearcraft.ore":25,"stat.pickup.minecraft.melon_seeds":33,"stat.pickup.industrialforegoing.crop_enrich_material_injector":1,"stat.drop.integrateddynamics.menril_sapling":1,"stat.useItem.cyclicmagic.inventory_food":3,"stat.mineBlock.sky_orchards.leaves_sand":425,"stat.pickup.minecraft.heavy_weighted_pressure_plate":7,"stat.useItem.enderutilities.builderswand":29,"stat.pickup.sky_orchards.resin_tin":871,"stat.useItem.minecraft.furnace":4,"stat.craftItem.tconstruct.materials":179,"stat.pickup.mysticalagriculture.emerald_seeds":278,"stat.pickup.storagenetwork.master":8,"stat.pickup.mysticalagradditions.nether_star_seeds":35,"stat.useItem.mysticalagriculture.nature_seeds":221,"stat.craftItem.projecte.matter_block":9,"stat.pickup.cyclicmagic.builder_block":1,"stat.mineBlock.sky_orchards.log_bone":113,"stat.drop.minecraft.reeds":1,"stat.craftItem.integrateddynamics.squeezer":1,"stat.pickup.cyclicmagic.block_storeempty":7,"stat.craftItem.patchouli.guide_book":1,"stat.useItem.minecraft.torch":206,"stat.pickup.minecraft.iron_nugget":1,"stat.craftItem.minecraft.redstone_block":101,"stat.mineBlock.nuclearcraft.solar_panel_advanced":8,"stat.pickup.minecraft.crafting_table":10,"stat.useItem.minecraft.log":9,"stat.pickup.sky_orchards.acorn_gold":101,"stat.craftItem.minecraft.crafting_table":20,"stat.pickup.simplegenerators.geothermal_simple":2,"stat.mineBlock.industrialforegoing.fluid_crafter":1,"stat.craftItem.projecte.item.pe_fuel":19,"stat.pickup.sky_orchards.acorn_sand":225,"stat.useItem.rustic.chamomile":2,"stat.pickup.twilightforest.spiral_bricks":4,"stat.drop.enderutilities.icemelter":1,"stat.pickup.minecraft.sapling":44,"stat.pickup.mysticalagriculture.growth_accelerator":2,"stat.useItem.appliedenergistics2.nether_quartz_wrench":28,"stat.mineBlock.tconstruct.toolforge":1,"stat.pickup.industrialforegoing.enchantment_refiner":1,"stat.pickup.tp.lava_infused_stone":1,"stat.killEntity.WitherSkeleton":17,"stat.mineBlock.cyclicmagic.exp_pylon":2,"stat.useItem.cyclicmagic.block_fishing":2,"stat.pickup.minecraft.golden_sword":1,"stat.mineBlock.mekanism.machineblock":4,"stat.pickup.sky_orchards.acorn_lapis":8,"stat.craftItem.minecraft.sugar":30,"stat.useItem.sky_orchards.sapling_coal":6,"stat.useItem.projecte.item.pe_catalitic_lens":30,"stat.pickup.rustic.chili_pepper_seeds":22,"stat.pickup.sky_orchards.sapling_diamond":93,"stat.pickup.rustic.deathstalk_mushroom":44,"stat.pickup.minecraft.stone_slab":275,"stat.craftItem.sky_orchards.sapling_prosperity":1,"stat.pickup.minecraft.yellow_flower":19,"stat.useItem.sky_orchards.sapling_dirt":12,"stat.drop.minecraft.wooden_axe":1,"stat.useItem.minecraft.fishing_rod":5,"stat.mineBlock.sky_orchards.log_netherrack":20,"stat.pickup.clickmachine.auto_clicker":10,"stat.craftItem.minecraft.diamond_chestplate":2,"stat.craftItem.projecte.dm_pedestal":1,"stat.pickup.minecraft.bone":53,"stat.pickup.minecraft.redstone_torch":4,"stat.useItem.farmingforblockheads.fertilizer":478,"stat.mineBlock.sky_orchards.leaves_gravel":267,"stat.mineBlock.cyclicmagic.fluid_pump":15,"stat.craftItem.projecte.item.pe_hyperkinetic_lens":1,"stat.craftItem.minecraft.bone":3,"stat.pickup.sky_orchards.resin_dirt":90,"stat.useItem.minecraft.diamond_sword":1245,"stat.craftItem.minecraft.diamond_helmet":2,"stat.mineBlock.storagenetwork.im_kabel":8,"stat.climbOneCm":8293,"stat.useItem.rustic.crushing_tub":1,"stat.craftItem.minecraft.gold_block":11,"stat.useItem.mysticalagriculture.skeleton_seeds":220,"stat.mineBlock.mekanism.energycube":3,"stat.craftItem.inspirations.stone_crook":6,"stat.ae2.ItemsExtracted":135845,"stat.useItem.sky_orchards.sapling_bone":24,"stat.pickup.minecraft.golden_helmet":1,"stat.useItem.twilightforest.naga_stone":1,"stat.pickup.tp.watering_can":2,"stat.pickup.cyclicmagic.harvester_block":6,"stat.craftItem.minecraft.bone_block":20,"stat.pickup.minecraft.anvil":1,"stat.craftItem.minecraft.stone_pickaxe":2,"stat.pickup.mysticalagriculture.infusion_crystal":1,"stat.pickup.minecraft.cobblestone":27019,"stat.craftItem.minecraft.glass_bottle":30,"stat.pickup.minecraft.soul_sand":58,"stat.pickup.sky_orchards.resin_coal":50,"stat.pickup.minecraft.cactus":61,"stat.drop.cyclicmagic.storage_bag":1,"stat.pickup.sky_orchards.sapling_petrified":126,"stat.pickup.minecraft.redstone":510,"stat.craftItem.minecraft.dispenser":5,"stat.mineBlock.minecraft.iron_ore":27,"stat.pickup.mysticalagriculture.nickel_essence":276,"stat.pickup.minecraft.mossy_cobblestone":1,"stat.killEntity.ranged_rogue_android":1,"stat.craftItem.rustic.condenser":1,"stat.craftItem.minecraft.cake":12,"stat.craftItem.storagenetwork.upgrade":24,"stat.mineBlock.extracells.vibrantchamberfluid":1,"stat.mineBlock.thermalfoundation.ore":14,"stat.drop.minecraft.dirt":3,"stat.pickup.rustic.sapling":20,"stat.mineBlock.storagenetwork.storage_kabel":31,"stat.craftItem.tconstruct.soil":212,"stat.pickup.tconstruct.smeltery_controller":1,"stat.craftItem.sky_orchards.sapling_netherrack":2,"stat.useItem.tconstruct.edible":4,"stat.mineBlock.sky_orchards.leaves_clay":369,"stat.pickup.mysticalagriculture.wither_skeleton_seeds":92,"stat.useItem.cyclicmagic.energy_pump":1,"stat.drop.xlfoodmod.waffle":2,"stat.pickup.minecraft.paper":168,"stat.craftItem.minecraft.stick":172,"stat.craftItem.minecraft.stained_hardened_clay":8,"stat.useItem.sky_orchards.sapling_emerald":5,"stat.craftItem.minecraft.gold_nugget":18,"stat.craftItem.cyclicmagic.auto_packager":1,"stat.useItem.rustic.sapling_apple":1,"stat.craftItem.minecraft.clay_ball":1524,"stat.mineBlock.nuclearcraft.solar_panel_elite":6,"stat.craftItem.industrialforegoing.tree_fluid_extractor":1,"stat.pickup.sky_orchards.resin_copper":13,"stat.pickup.xlfoodmod.coffee_cup":1,"stat.mineBlock.minecraft.planks":55,"stat.drop":52,"stat.useItem.tconstruct.seared":149,"stat.drop.minecraft.iron_boots":1,"stat.craftItem.projecte.item.pe_transmutation_tablet":1,"stat.craftItem.pickletweaks.diamond_paxel":4,"stat.useItem.inspirations.stone_crook":1307,"stat.pickup.sky_orchards.acorn_cottonwood":59,"stat.pickup.cyclicmagic.fluid_pump":13,"stat.craftItem.projecte.item.pe_volcanite_amulet":1,"stat.pickup.rustic.wildberry_bush":1,"stat.craftItem.minecraft.piston":6,"stat.craftItem.projecte.condenser_mk1":1,"stat.mineBlock.industrialforegoing.crop_enrich_material_injector":1,"stat.mineBlock.minecraft.anvil":1,"stat.pickup.morecauldrons.cobble_cauldron":9,"stat.useItem.minecraft.apple":1,"stat.mineBlock.minecraft.deadbush":2,"stat.pickup.twilightforest.torchberries":22,"stat.pickup.industrialforegoing.fluid_crafter":1,"stat.pickup.minecraft.fence":118,"stat.useItem.tp.birthday_pickaxe":88,"stat.useItem.minecraft.stone_axe":1154,"stat.pickup.appliedenergistics2.wireless_access_point":2,"stat.craftItem.projecte.item.pe_matter":2,"stat.mineBlock.cyclicmagic.item_pump":14,"stat.pickup.sky_orchards.leaves_cottonwood":4,"stat.pickup.industrialforegoing.enchantment_extractor":1,"stat.craftItem.minecraft.flint_and_steel":1,"stat.pickup.rustic.tomato_seeds":27,"stat.craftItem.mysticalagriculture.gear":20,"stat.mineBlock.tconstruct.tooltables":1,"stat.mineBlock.minecraft.leaves2":28,"stat.pickup.xlfoodmod.tomato_seeds":35,"stat.craftItem.minecraft.iron_bars":96,"stat.craftItem.xlfoodmod.waffle":16,"stat.mineBlock.minecraft.furnace":5,"stat.pickup.minecraft.prismarine_shard":23,"stat.craftItem.enderutilities.endercapacitor":0,"stat.pickup.industrialforegoing.tinydryrubber":64,"stat.mineBlock.cyclicmagic.builder_block":1,"stat.drop.mysticalagradditions.supremium_paxel":1,"stat.pickup.valkyrielib.modifier_speed":157,"stat.useItem.appliedenergistics2.crafting_accelerator":78,"stat.damageDealt":64253,"stat.pickup.snad.snad":9,"stat.craftItem.minecraft.anvil":1,"stat.mineBlock.minecraft.nether_brick_stairs":5,"stat.craftItem.minecraft.gravel":341,"stat.useItem.bdsandm.wood_barrel":65,"stat.craftItem.nuclearcraft.part":2,"stat.pickup.ceramics.clay_bucket":1,"stat.pickup.minecraft.stick":472,"stat.mineBlock.compactstorage.compactchest":14,"stat.craftItem.cyclicmagic.item_pipe":8,"stat.pickup.mysticalagradditions.supremium_paxel":1,"stat.pickup.sky_orchards.acorn_clay":2048,"stat.pickup.rustic.apple_seeds":31,"stat.useItem.sky_orchards.acorn_redstone":1,"stat.pickup.sky_orchards.acorn_emerald":29,"stat.craftItem.tp.growth_block":1,"stat.mineBlock.sky_orchards.log_gravel":169,"stat.craftItem.minecraft.diamond_boots":2,"stat.pickup.storagenetwork.im_kabel":12,"stat.pickup.sky_orchards.acorn_gravel":200,"stat.craftItem.nuclearcraft.manufactory_idle":1,"stat.killEntity.twilightforest.deer":1,"stat.craftItem.minecraft.redstone":1134,"stat.craftItem.projecte.item.pe_time_watch":1,"stat.useItem.sky_orchards.leaves_tin":1,"stat.mineBlock.cyclicmagic.sprinkler":16,"stat.craftItem.integrateddynamics.energy_battery":12,"stat.craftItem.tp.watering_can":2,"stat.pickup.sky_orchards.sapling_silver":35,"stat.useItem.tp.growth_upgrade_two":34,"stat.killEntity.Chicken":9,"stat.useItem.mysticalagriculture.gold_seeds":221,"stat.craftItem.mekanism.machineblock2":1,"stat.mineBlock.minecraft.quartz_ore":23,"stat.craftItem.minecraft.tnt":3,"stat.pickup.minecraft.concrete_powder":24,"stat.useItem.cyclicmagic.auto_crafter":17,"stat.mineBlock.minecraft.leaves":142,"stat.mineBlock.darkutils.sneaky_lever":2,"stat.useItem.mysticalagriculture.end_seeds":219,"stat.mineBlock.tp.emerald_cobblegen_block":1,"stat.craftItem.simplegenerators.soul_simple":2,"stat.mineBlock.tconstruct.seared":6,"stat.craftItem.sky_orchards.amber_nickel":7,"stat.craftItem.nuclearcraft.upgrade":46,"stat.killEntity.twilightforest.wild_boar":1,"stat.craftItem.minecraft.experience_bottle":64,"stat.mineBlock.matteroverdrive.tritanium_ore":2,"stat.pickup.minecraft.wooden_slab":44,"stat.leaveGame":24,"stat.pickup.sky_orchards.resin_prosperity":320,"stat.craftItem.mysticalagriculture.nickel_seeds":1,"stat.mineBlock.industrialforegoing.fluiddictionary_converter":1,"stat.pickup.tconstruct.edible":17,"stat.useItem.minecraft.glowstone":100,"stat.craftItem.minecraft.ender_eye":28,"stat.pickup.ae2stuff.wireless":6,"stat.mineBlock.appliedenergistics2.security_station":2,"stat.craftItem.cyclicmagic.tool_harvest_crops":1,"stat.craftItem.projecte.item.pe_body_stone":1,"stat.mineBlock.industrialforegoing.crop_recolector":1,"stat.pickup.mysticalagriculture.stone_essence":8211,"stat.pickup.sky_orchards.resin_cottonwood":119,"stat.entityKilledBy.twilightforest.kobold":1,"stat.pickup.sky_orchards.acorn_diamond":55,"stat.craftItem.telepastries.nether_cake":2,"stat.craftItem.sky_orchards.sapling_gravel":2,"stat.pickup.sky_orchards.sapling_dirt":49,"stat.pickup.minecraft.brick_block":29,"stat.mineBlock.minecraft.wooden_slab":13,"stat.pickup.integrateddynamics.menril_sapling":11,"stat.killEntity.Witch":2,"stat.pickup.sky_orchards.resin_petrified":158,"stat.pickup.xlfoodmod.strawberry_seeds":13,"stat.pickup.cyclicmagic.apple_emerald":1,"stat.craftItem.minecraft.wooden_pickaxe":1,"stat.craftItem.enderstorage.ender_storage":6,"stat.craftItem.projecte.item.pe_covalence_dust":120,"stat.craftItem.clickmachine.auto_clicker":2,"stat.pickup.cyclicmagic.item_pump":77,"stat.pickup.thermalfoundation.material":154,"stat.pickup.rustic.wildberries":136,"stat.craftItem.tp.iron_cobblegen_block":1,"stat.pickup.simplegenerators.geothermal_upgradable":1,"stat.craftItem.tp.birthday_pickaxe":2,"stat.craftItem.tp.emerald_cobblegen_block":1,"stat.craftItem.mysticalagriculture.crafting":8803,"stat.craftItem.storagenetwork.storage_kabel":36,"stat.pickup.inspirations.potato_seeds":31,"stat.pickup.sky_orchards.sapling_coal":64,"stat.mineBlock.sky_orchards.log_prosperity":97,"stat.craftItem.projecte.item.pe_rm_armor_0":1,"stat.craftItem.projecte.item.pe_rm_armor_1":1,"stat.craftItem.projecte.item.pe_rm_armor_2":1,"stat.craftItem.projecte.item.pe_rm_armor_3":1,"stat.pickup.minecraft.potion":23,"stat.pickup.mysticalagriculture.diamond_essence":12786,"stat.pickup.mob_grinding_utils.absorption_hopper":3,"stat.pickup.tconstruct.smeltery_io":1,"stat.pickup.nuclearcraft.solar_panel_advanced":8,"stat.craftItem.deepmoblearning.extraction_chamber":1,"stat.craftItem.minecraft.dropper":19,"stat.useItem.minecraft.dye":1133,"stat.pickup.cyclicmagic.charm_air":1,"stat.mineBlock.enderstorage.ender_storage":10,"stat.useItem.minecraft.nether_brick":3,"stat.pickup.storagenetwork.remote":1,"stat.mineBlock.nuclearcraft.extractor_idle":1,"stat.pickup.chisel.marble2":408,"stat.pickup.cyclicmagic.block_hydrator":1,"stat.mineBlock.minecraft.tallgrass":322,"stat.pickup.tconstruct.seared":5,"stat.mineBlock.mekanism.machineblock2":1,"stat.pickup.inspirations.stone_crook":1,"stat.drop.extracells.terminal.universal.wireless":1,"stat.craftItem.minecraft.light_weighted_pressure_plate":26,"stat.useItem.minecraft.stone":4,"stat.pickup.parabox.empowered_parabox":130,"stat.craftItem.projecte.item.pe_destruction_catalyst":1,"stat.pickup.minecraft.arrow":12,"stat.pickup.sky_orchards.resin_redstone":168,"stat.craftItem.appliedenergistics2.part":1,"stat.pickup.minecraft.wooden_pressure_plate":3,"stat.pickup.industrialforegoing.enchantment_aplicator":1,"stat.useItem.mysticalagriculture.wither_skeleton_seeds":235,"stat.mineBlock.industrialforegoing.crop_sower":4,"stat.useItem.sky_orchards.sapling_silver":1,"stat.useItem.nuclearcraft.isotope_separator_idle":2,"stat.pickup.tconstruct.cast_custom":1,"stat.useItem.sky_orchards.sapling_gravel":35,"stat.mineBlock.minecraft.chest":47,"stat.pickup.tombstone.book_of_disenchantment":1,"stat.pickup.minecraft.painting":36,"stat.mineBlock.sky_orchards.sapling_bone":1,"stat.pickup.sky_orchards.resin_lapis":25,"stat.craftItem.minecraft.hopper":15,"stat.mineBlock.rustic.condenser":1,"stat.pickup.rustic.condenser":1,"stat.pickup.integrateddynamics.creative_energy_battery":1,"stat.pickup.minecraft.nether_brick_fence":4,"stat.craftItem.cyclicmagic.trash":1,"stat.pickup.sky_orchards.sapling_tin":5,"stat.pickup.sky_orchards.acorn_redstone":31,"stat.mineBlock.cyclicmagic.fluid_pipe":5,"stat.craftItem.minecraft.diamond_shovel":1,"stat.pickup.minecraft.wheat_seeds":899,"stat.craftItem.sky_orchards.acorn_iron":3509,"stat.mineBlock.minecraft.glass":4,"stat.pickup.darkutils.material":22,"stat.mineBlock.mysticalagriculture.ultimate_furnace":1,"stat.mineBlock.minecraft.dirt":234,"stat.pickup.sky_orchards.acorn_iron":1467,"stat.pickup.mysticalagriculture.nether_seeds":10,"stat.mineBlock.nuclearcraft.lithium_ion_battery_elite":63,"stat.pickup.projecte.item.pe_gem_armor_2":589,"stat.useItem.cyclicmagic.card_location":45,"stat.useItem.minecraft.bread":65,"stat.pickup.inspirations.carrot_seeds":23,"stat.useItem.minecraft.cobblestone":37,"stat.pickup.cyclicmagic.auto_crafter":18,"stat.pickup.minecraft.iron_pickaxe":11,"stat.useItem.xlfoodmod.waffle":8,"stat.craftItem.minecraft.gold_ingot":279,"stat.pickup.minecraft.hopper":1,"stat.craftItem.minecraft.brewing_stand":2,"stat.pickup.minecraft.apple":2,"stat.useItem.appliedenergistics2.crafting_storage_64k":140,"stat.mineBlock.sky_orchards.sapling_gravel":2,"stat.drop.storagenetwork.remote":2,"stat.pickup.morecauldrons.oak_cauldron":1,"stat.pickup.mysticalagriculture.skeleton_seeds":15,"stat.mineBlock.integrateddynamics.menril_log":2,"stat.mineBlock.minecraft.log":62,"stat.pickup.rustic.sapling_apple":12,"stat.craftItem.minecraft.paper":33,"stat.useItem.cyclicmagic.fluid_pipe":24,"stat.pickup.minecraft.red_flower":186,"stat.mineBlock.sky_orchards.log_cottonwood":21,"stat.pickup.minecraft.wool":61,"stat.useItem.storagenetwork.master":6,"stat.mineBlock.cyclicmagic.energy_pipe":25,"stat.useItem.minecraft.wooden_axe":256,"stat.cakeSlicesEaten":6,"stat.pickup.sky_orchards.resin_cobalt":12,"stat.craftItem.storagenetwork.remote":3,"stat.craftItem.minecraft.diamond_leggings":2,"stat.craftItem.extracells.storage.physical":4,"stat.craftItem.farmingforblockheads.fertilizer":8,"stat.mineBlock.minecraft.yellow_flower":7,"stat.craftItem.projecte.item.pe_repair_talisman":1,"stat.pickup.extracells.terminal.universal.wireless":2,"stat.craftItem.minecraft.wool":8,"stat.pickup.pickletweaks.coal_piece":8,"stat.craftItem.projecte.item.pe_black_hole":1,"stat.pickup.mysticalagriculture.fire_seeds":72,"stat.pickup.minecraft.enchanted_book":72,"stat.mineBlock.sky_orchards.amber_silver":1,"stat.pickup.minecraft.writable_book":4,"stat.craftItem.minecraft.arrow":16,"stat.useItem.minecraft.obsidian":10,"stat.pickup.minecraft.bow":1,"stat.mineBlock.cyclicmagic.energy_pump":12,"stat.craftItem.mysticalagriculture.tier2_inferium_seeds":11,"stat.useItem.minecraft.egg":10,"stat.mineBlock.sky_orchards.leaves_emerald":63,"stat.mineBlock.minecraft.obsidian":11,"stat.mineBlock.sky_orchards.leaves_dirt":243,"stat.useItem.mysticalagriculture.supremium_scythe":24,"stat.craftItem.minecraft.bow":1,"stat.craftItem.sky_orchards.amber_gold":51,"stat.craftItem.cyclicmagic.item_pump":2,"stat.pickup.projecte.relay_mk3":4,"stat.flyOneCm":3694555,"stat.pickup.industrialforegoing.crop_recolector":1,"stat.pickup.minecraft.nether_brick_stairs":5,"stat.mineBlock.sky_orchards.leaves_coal":155,"stat.pickup.minecraft.fish":4,"stat.pickup.darkutils.sneaky_lever":2,"stat.pickup.rustic.slate":368,"stat.mineBlock.sky_orchards.log_copper":10,"stat.pickup.mysticalagriculture.dirt_essence":2159,"stat.mineBlock.appliedenergistics2.wireless_access_point":2,"stat.timeSinceDeath":2230972,"stat.useItem.cyclicmagic.heart_toxic":1,"stat.killEntity.Bat":2,"stat.craftItem.mysticalagriculture.mystical_fertilizer":0,"stat.pickup.mysticalagriculture.blaze_essence":67834,"stat.useItem.mysticalagriculture.nickel_seeds":32,"stat.craftItem.tconstruct.seared":39,"stat.pickup.minecraft.nether_wart":156,"stat.mineBlock.minecraft.enchanting_table":1,"stat.craftItem.minecraft.concrete_powder":64,"stat.craftItem.projecte.item.pe_philosophers_stone":1,"stat.mineBlock.minecraft.coal_ore":26,"stat.pickup.mysticalagriculture.end_essence":17,"stat.craftItem.minecraft.stone_hoe":4,"stat.mineBlock.sky_orchards.leaves_diamond":66,"stat.useItem.tp.toasted_bread":1,"stat.pickup.minecraft.string":182,"stat.pickup.sky_orchards.amber_iron":139,"stat.pickup.cyclicmagic.tool_elevate":3,"stat.pickup.sky_orchards.resin_netherrack":56,"stat.useItem.minecraft.milk_bucket":1,"stat.craftItem.tconstruct.tooltables":12,"stat.pickup.sky_orchards.sapling_bacon":10,"stat.craftItem.minecraft.wooden_axe":6,"stat.pickup.projecte.item.pe_matter":65,"stat.pickup.minecraft.bone_block":83,"stat.mineBlock.rustic.wildberry_bush":1,"stat.useItem.enderstorage.ender_storage":30,"stat.craftItem.sky_orchards.acorn_redstone":358,"stat.craftItem.mysticalagriculture.tier1_inferium_seeds":36,"stat.craftItem.valkyrielib.modifier_speed":1,"stat.craftItem.projecte.item.pe_gem_armor_2":1,"stat.mineBlock.sky_orchards.log_donut":4,"stat.drop.industrialforegoing.crop_sower":1,"stat.craftItem.projecte.item.pe_gem_armor_3":1,"stat.craftItem.projecte.item.pe_gem_armor_0":1,"stat.craftItem.projecte.item.pe_gem_armor_1":1,"stat.pickup.tconstruct.ore":44,"stat.craftItem.deepmoblearning.machine_casing":2,"stat.pickup.minecraft.snowball":16,"stat.diveOneCm":7061,"stat.pickup.mysticalagriculture.ultimate_furnace":1,"stat.pickup.cyclicmagic.ender_lightning":2,"stat.mineBlock.clickmachine.auto_clicker":12,"stat.mineBlock.sky_orchards.leaves_donut":2,"stat.pickup.realfilingcabinet.emptyfolder":7,"stat.useItem.sky_orchards.acorn_cottonwood":5,"stat.useItem.bonsaitrees.bonsaipot":4,"stat.pickup.mysticalagriculture.master_infusion_crystal":1,"stat.mineBlock.twilightforest.twilight_oak_planks":2,"stat.craftItem.deepmoblearning.deep_learner":1,"stat.pickup.mysticalagriculture.tier3_inferium_seeds":107,"stat.pickup.matteroverdrive.tritanium_ore":149,"stat.craftItem.minecraft.diamond_sword":8,"stat.jump":6673,"stat.mineBlock.sky_orchards.leaves_nickel":29,"stat.mineBlock.mekanism.boundingblock":1,"stat.craftItem.minecraft.torch":124,"stat.mineBlock.ae2stuff.wireless":5,"stat.pickup.mysticalagriculture.end_seeds":9,"stat.craftItem.sky_orchards.sapling_lapis":2,"stat.pickup.chargers.wireless_charger":2,"stat.pickup.tp.octuple_compressed_sugar_cane":1,"stat.pickup.sky_orchards.resin_bone":237,"stat.useItem.minecraft.sapling":8,"stat.pickup.mysticalagriculture.tier4_inferium_seeds":23,"stat.mineBlock.sky_orchards.log_emerald":40,"stat.damageTaken":-2147471361,"stat.pickup.cyclicmagic.trash":3,"stat.craftItem.deepmoblearning.data_model_wither_skeleton":1,"stat.mineBlock.minecraft.sapling":2,"stat.pickup.minecraft.log2":78,"stat.pickup.tconstruct.ingots":29,"stat.pickup.minecraft.quartz_block":17,"stat.drop.cyclicmagic.card_location":3,"stat.pickup.xlfoodmod.rice_seeds":32,"stat.pickup.minecraft.potato":72,"stat.killEntity.Silverfish":1,"stat.useItem.chisel.glowstone2":2,"stat.useItem.chisel.glowstone1":83,"stat.craftItem.minecraft.stone_slab":966,"stat.animalsBred":7,"stat.useItem.minecraft.chest":40,"stat.pickup.sky_orchards.acorn_nickel":32,"stat.craftItem.mysticalagriculture.core_remover":1,"stat.pickup.sky_orchards.sapling_bone":120,"stat.useItem.mysticalagradditions.supremium_paxel":564,"stat.pickup.tp.emerald_cobblegen_block":1,"stat.useItem.mysticalagriculture.supremium_sword":19,"stat.useItem.cyclicmagic.heart_food":11,"stat.craftItem.enderutilities.icemelter":0,"stat.craftItem.rustic.crushing_tub":6,"stat.mineBlock.sky_orchards.log_diamond":93,"stat.pickup.minecraft.ender_pearl":38,"stat.drop.minecraft.wooden_slab":57,"stat.useItem.minecraft.netherrack":7,"stat.craftItem.projecte.item.pe_rm_katar":1,"stat.craftItem.cyclicmagic.fluid_pump":3,"stat.craftItem.minecraft.bookshelf":83,"stat.mineBlock.minecraft.stonebrick":13,"stat.mineBlock.minecraft.glowstone":32,"stat.craftItem.projecte.item.pe_rm_shears":1,"stat.pickup.twilightforest.raw_venison":1,"stat.craftItem.sky_orchards.acorn_clay":1216,"stat.useItem.appliedenergistics2.drive":1,"stat.craftItem.mysticalagriculture.watering_can":2,"stat.pickup.minecraft.torch":190,"stat.craftItem.yoyos.yoyo_cord":1,"stat.drop.minecraft.stone_axe":1,"stat.mineBlock.appliedenergistics2.crafting_storage_64k":12,"stat.drop.minecraft.arrow":8,"stat.mineBlock.tp.cobblegen_block":1,"stat.useItem.inspirations.sugar_cane_seeds":1,"stat.drop.yoyos.book":1,"stat.mineBlock.nuclearcraft.water_source_dense":4,"stat.craftItem.minecraft.nether_star":612,"stat.pickup.appliedenergistics2.security_station":1,"stat.mineBlock.tconstruct.seared_tank":1,"stat.useItem.sky_orchards.sapling_cottonwood":3,"stat.pickup.minecraft.deadbush":15,"stat.useItem.cyclicmagic.cable_wireless_energy":58,"stat.killEntity.twilightforest.swarm_spider":96,"stat.craftItem.projecte.item.pe_dm_shears":1,"stat.pickup.mysticalagriculture.fire_essence":423,"stat.useItem.cyclicmagic.sprinkler":22,"stat.craftItem.storagenetwork.request":2,"stat.pickup.minecraft.fishing_rod":1,"stat.craftItem.projecte.item.pe_catalitic_lens":1,"stat.useItem.minecraft.planks":17,"stat.mineBlock.sky_orchards.leaves_tin":49,"stat.craftItem.sky_orchards.sapling_petrified":1,"stat.pickup.appliedenergistics2.drive":2,"stat.pickup.enderstorage.ender_storage":11,"stat.pickup.minecraft.porkchop":4,"stat.pickup.minecraft.blaze_powder":1267,"stat.pickup.minecraft.glass":20,"stat.useItem.sky_orchards.sapling_prosperity":17,"stat.useItem.sky_orchards.sapling_iron":6,"stat.useItem.minecraft.water_bucket":72,"stat.pickup.mysticalagriculture.storage":98,"stat.pickup.minecraft.sand":11045,"stat.pickup.tp.maloberry_berry":5,"stat.pickup.minecraft.hardened_clay":56,"stat.craftItem.cyclicmagic.sprinkler":1,"stat.drop.telepastries.twilight_cake":1,"stat.craftItem.minecraft.cooked_fish":4,"stat.craftItem.minecraft.blaze_powder":1228,"stat.pickup.sky_orchards.sapling_nickel":6,"stat.pickup.mysticalagriculture.water_seeds":52,"stat.craftItem.minecraft.hardened_clay":1,"stat.drop.ceramics.clay_bucket":1,"stat.pickup.xlfoodmod.lettuce_seeds":30,"stat.pickup.nuclearcraft.manufactory_idle":3,"stat.pickup.minecraft.furnace":10,"stat.craftItem.minecraft.ender_pearl":5,"stat.pickup.tconstruct.cast":3,"stat.pickup.sky_orchards.acorn_copper":12,"stat.pickup.xlfoodmod.vanilla_flower":12,"stat.pickup.minecraft.skull":133,"stat.craftItem.minecraft.ghast_tear":70,"stat.pickup.deepmoblearning.soot_covered_redstone":40,"stat.craftItem.minecraft.sand":748,"stat.craftItem.projecte.item.pe_soul_stone":1,"stat.craftItem.nuclearcraft.gem":2,"stat.pickup.projecte.interdiction_torch":1,"stat.useItem.nuclearcraft.lithium_ion_battery_elite":64,"stat.useItem.storagenetwork.kabel":9,"stat.craftItem.minecraft.heavy_weighted_pressure_plate":45,"stat.mineBlock.parabox.empowered_parabox":2,"stat.pickup.xlfoodmod.pepper_seeds":30,"stat.useItem.mysticalagriculture.dirt_seeds":229,"stat.playOneMinute":3213596,"stat.craftItem.mysticalagriculture.growth_accelerator":14,"stat.pickup.tconstruct.rack":1,"stat.pickup.appliedenergistics2.encoded_pattern":2,"stat.pickup.twilightforest.twilight_oak_planks":6,"stat.mineBlock.storagenetwork.request":1,"stat.pickup.mysticalagriculture.iron_seeds":21,"stat.pickup.cyclicmagic.card_location":28,"stat.pickup.minecraft.iron_bars":3,"stat.pickup.minecraft.dispenser":1,"stat.pickup.mysticalagriculture.skeleton_essence":23,"stat.useItem.projecte.item.pe_evertide_amulet":35,"stat.craftItem.tp.growth_upgrade":0,"stat.craftItem.appliedenergistics2.material":4,"stat.mineBlock.minecraft.netherrack":69,"stat.craftItem.tp.cobblegen_block":1,"stat.mineBlock.appliedenergistics2.cable_bus":53,"stat.killEntity.twilightforest.death_tome":10,"stat.craftItem.snad.snad":1,"stat.pickup.nuclearcraft.extractor_idle":1,"stat.useItem.inspirations.wooden_crook":1055,"stat.mineBlock.tconstruct.faucet":1,"stat.pickup.projecte.item.pe_fuel":126,"stat.craftItem.minecraft.iron_nugget":18,"stat.fallOneCm":212105,"stat.drop.minecraft.dye":1,"stat.pickup.sky_orchards.sapling_netherrack":26,"stat.pickup.extracells.storage.physical":24,"stat.craftItem.minecraft.chest":135,"stat.pickup.mysticalagriculture.nature_seeds":5,"stat.useItem.inspirations.mulch":2,"stat.mineBlock.minecraft.lever":1,"stat.pickup.minecraft.red_mushroom":16,"stat.mineBlock.cyclicmagic.harvester_block":6,"stat.pickup.mysticalagriculture.core_remover":1,"stat.craftItem.projecte.item.pe_dm_hoe":1,"stat.pickup.minecraft.milk_bucket":6,"stat.pickup.sky_orchards.sapling_sand":249,"stat.mineBlock.nuclearcraft.ore":8,"stat.pickup.minecraft.feather":63,"stat.pickup.sky_orchards.sapling_gold":35,"stat.pickup.projecte.item.pe_transmutation_tablet":2,"stat.useItem.mysticalagriculture.diamond_seeds":221,"stat.mineBlock.sky_orchards.sapling_petrified":3,"stat.useItem.minecraft.stone_pickaxe":55,"stat.craftItem.tconstruct.seared_tank":1,"stat.drop.tconstruct.seared":4,"stat.pickup.mysticalagriculture.wither_skeleton_essence":2814,"stat.drop.pickletweaks.diamond_paxel":1,"stat.useItem.pickletweaks.diamond_paxel":1260,"stat.pickup.mysticalagriculture.gold_seeds":6,"stat.pickup.sky_orchards.sapling_prosperity":112,"stat.pickup.twilightforest.trophy":4,"stat.drop.sky_orchards.acorn_sand":20,"stat.pickup.nuclearcraft.upgrade":384,"stat.mineBlock.cyclicmagic.block_storeempty":10,"stat.pickup.cyclicmagic.heart_food":54,"stat.pickup.sky_orchards.leaves_clay":100,"stat.drop.pickletweaks.stone_paxel":1,"stat.pickup.extracells.part.base":1,"stat.mineBlock.storagenetwork.master":5,"stat.mineBlock.sky_orchards.sapling_coal":2,"stat.craftItem.projecte.relay_mk1":1,"stat.craftItem.projecte.relay_mk2":1,"stat.mineBlock.industrialforegoing.enchantment_invoker":1,"stat.killEntity.twilightforest.redcap":50,"stat.craftItem.projecte.relay_mk3":1,"stat.killEntity.LavaSlime":3,"stat.mineBlock.simplegenerators.soul_upgradable":11,"stat.craftItem.projecte.item.pe_rm_hoe":1,"stat.pickup.minecraft.log":2972,"stat.craftItem.deepmoblearning.data_model_zombie":1,"stat.useItem.storagenetwork.ex_kabel":7,"stat.craftItem.twilightforest.twilight_oak_planks":8,"stat.pickup.deepmoblearning.soot_covered_plate":4,"stat.killEntity.twilightforest.squirrel":1,"stat.useItem.mysticalagradditions.nether_star_seeds":35,"stat.pickup.mekanism.machineblock":4,"stat.pickup.nuclearcraft.part":1,"stat.pickup.matteroverdrive.rogue_android_part":2,"stat.pickup.nuclearcraft.water_source_dense":4,"stat.mineBlock.simplegenerators.combustion_upgradable":2,"stat.craftItem.sky_orchards.acorn_sand":24,"stat.craftItem.tconstruct.smeltery_controller":2,"stat.pickup.storagenetwork.upgrade":26,"stat.killEntity.rogue_android":7,"stat.craftItem.sky_orchards.acorn_gold":375,"stat.mineBlock.sky_orchards.log_clay":108,"stat.mineBlock.tp.octuple_compressed_sugar_cane":1,"stat.useItem.minecraft.stone_hoe":409,"stat.drop.tconstruct.edible":2,"stat.craftItem.yoyos.book":1,"stat.craftItem.simplegenerators.geothermal_upgradable":1,"stat.craftItem.sky_orchards.acorn_diamond":4126,"stat.useItem.sky_orchards.sapling_nickel":1,"stat.mineBlock.industrialforegoing.enchantment_extractor":1,"stat.sneakTime":127988,"stat.pickup.cyclicmagic.charm_void":1,"stat.pickup.extracells.vibrantchamberfluid":1,"stat.mineBlock.tp.lava_infused_stone":1,"stat.pickup.minecraft.chest":72,"stat.craftItem.nuclearcraft.uranium":59,"stat.craftItem.minecraft.enchanting_table":1,"stat.useItem.mysticalagriculture.tier1_inferium_seeds":38,"stat.mineBlock.mysticalagradditions.tinkering_table":1,"stat.mineBlock.mysticalagriculture.growth_accelerator":2,"stat.craftItem.tconstruct.faucet":2,"stat.mineBlock.sky_orchards.leaves_silver":9,"stat.pickup.sky_orchards.amber_gold":2,"stat.craftItem.sky_orchards.amber_iron":583,"stat.pickup.enderutilities.storage_0":1,"stat.swimOneCm":44282,"stat.useItem.realfilingcabinet.folder":4,"stat.pickup.realfilingcabinet.folder":12,"stat.mineBlock.extracells.fluidfiller":1,"stat.useItem.mysticalagriculture.nether_seeds":219,"stat.mineBlock.sky_orchards.log_cobalt":5,"stat.useItem.minecraft.dirt":391,"stat.pickup.appliedenergistics2.dense_energy_cell":3,"stat.useItem.xlfoodmod.cheese_pie":10,"stat.useItem.projecte.condenser_mk2":16,"stat.useItem.storagenetwork.remote":1,"stat.pickup.minecraft.enchanting_table":1,"stat.useItem.mysticalagriculture.blaze_seeds":435,"stat.pickup.minecraft.gold_block":41,"stat.mineBlock.chisel.limestone2":3,"stat.pickup.minecraft.clay":25,"stat.pickup.appliedenergistics2.material":204,"stat.useItem.cyclicmagic.item_pump":4,"stat.useItem.chisel.limestone2":5,"stat.craftItem.minecraft.wooden_slab":228,"stat.craftItem.minecraft.sapling":32,"stat.mineBlock.cyclicmagic.auto_crafter":18,"stat.mineBlock.sky_orchards.leaves_cottonwood":95,"stat.pickup.sky_orchards.resin_nickel":61,"stat.craftItem.tp.blaze_cobblegen_block":1,"stat.pickup.industrialforegoing.block_destroyer":1,"stat.mineBlock.sky_orchards.sapling_sand":1,"stat.mineBlock.mekanismgenerators.generator":1,"stat.useItem.slabmachines.workbench_slab":1,"stat.craftItem.cyclicmagic.charm_air":1,"stat.mineBlock.minecraft.coal_block":1,"stat.useItem.mysticalagriculture.supremium_bow":1,"stat.pickup.minecraft.stonebrick":9,"stat.craftItem.industrialforegoing.latex_processing_unit":1,"stat.useItem.sky_orchards.sapling_clay":19,"stat.craftItem.minecraft.blaze_rod":10389,"stat.mineBlock.minecraft.nether_brick":49,"stat.drop.astralsorcery.itemwand":1,"stat.craftItem.simplegenerators.soul_upgradable":2,"stat.craftItem.minecraft.brick_block":39,"stat.pickup.xlfoodmod.corn_seeds":30,"stat.mineBlock.simplegenerators.nether_upgradable":23,"stat.craftItem.minecraft.stone_slab2":0,"stat.pickup.sky_orchards.sapling_cottonwood":62,"stat.pickup.mysticalagriculture.water_essence":385,"stat.pickup.mysticalagriculture.stone_seeds":48,"stat.pickup.cyclicmagic.tool_harvest_crops":4,"stat.useItem.cyclicmagic.crafting_food":1,"stat.useItem.minecraft.stone_slab":818,"stat.craftItem.minecraft.stone":181,"stat.pickup.integrateddynamics.menril_log":55,"stat.pickup.pickletweaks.stone_paxel":1,"stat.mineBlock.minecraft.crafting_table":2,"stat.craftItem.deepmoblearning.simulation_chamber":1,"stat.mineBlock.minecraft.quartz_block":44,"stat.useItem.minecraft.carrot":27,"stat.craftItem.animalcrops.seeds":83,"stat.craftItem.sky_orchards.sapling_clay":4,"stat.mineBlock.rustic.leaves_apple":47,"stat.pickup.minecraft.slime_ball":1,"stat.craftItem.minecraft.diamond_pickaxe":1,"stat.useItem.mysticalagriculture.tier2_inferium_seeds":10,"stat.pickup.projecte.dm_pedestal":2,"stat.pickup.nuclearcraft.ingot":64,"stat.craftItem.minecraft.clay":24,"stat.pickup.integrateddynamics.crystalized_menril_chunk":29,"stat.craftItem.mysticalagriculture.dirt_seeds":1,"stat.mineBlock.sky_orchards.leaves_cobalt":12,"stat.pickup.tconstruct.toolforge":1,"stat.pickup.projecte.alchemical_chest":1,"stat.mineBlock.sky_orchards.leaves_bone":124,"stat.drop.minecraft.wooden_pickaxe":1,"stat.pickup.minecraft.gravel":602,"stat.pickup.industrialforegoing.fluiddictionary_converter":1,"stat.useItem.minecraft.glass_bottle":28,"stat.pickup.sky_orchards.amber_lead":4,"stat.mineBlock.tconstruct.smeltery_controller":1,"stat.mineBlock.appliedenergistics2.drive":2,"stat.useItem.mysticalagriculture.tier4_inferium_seeds":2,"stat.pickup.minecraft.stone_brick_stairs":2,"stat.pickup.astralsorcery.itemrockcrystalsimple":2,"stat.craftItem.minecraft.brick_stairs":28,"stat.pickup.minecraft.diamond_sword":7,"stat.pickup.minecraft.brick":272,"stat.pickup.sky_orchards.leaves_iron":24,"stat.pickup.sky_orchards.acorn_tin":2,"stat.craftItem.tconstruct.rack":2,"stat.pickup.sky_orchards.sapling_redstone":11,"stat.pickup.mysticalagriculture.ghast_seeds":168,"stat.craftItem.bonsaitrees.bonsaipot":24,"stat.pickup.sky_orchards.acorn_donut":19,"stat.pickup.mysticalagriculture.nether_essence":21,"stat.craftItem.minecraft.bread":64,"stat.pickup.minecraft.spider_eye":56,"stat.craftItem.projecte.item.pe_rm_sword":1,"stat.pickup.minecraft.experience_bottle":392,"stat.craftItem.tconstruct.book":1,"stat.craftItem.minecraft.end_crystal":0,"stat.pickup.minecraft.iron_ore":90,"stat.pickup.tconstruct.slime_congealed":36,"stat.craftItem.simplegenerators.nether_upgradable":1,"stat.pickup.inspirations.sugar_cane_seeds":66,"stat.pickup.minecraft.leaves":46,"stat.craftItem.cyclicmagic.harvester_block":1,"stat.mineBlock.sky_orchards.log_lapis":16,"stat.useItem.minecraft.wooden_pickaxe":1,"stat.pickup.matteroverdrive.dilithium_crystal":10,"stat.pickup.mysticalagriculture.crafting":24458,"stat.pickup.minecraft.reeds":1816,"stat.pickup.minecraft.prismarine_crystals":4,"stat.pickup.mysticalagriculture.fertilized_essence":8364,"stat.craftItem.sky_orchards.amber_copper":1,"stat.drop.tp.watering_can":1,"stat.mineBlock.sky_orchards.log_redstone":5,"stat.pickup.storagenetwork.storage_kabel":55,"stat.useItem.mysticalagriculture.tier3_inferium_seeds":20,"stat.pickup.tconstruct.materials":6,"stat.useItem.mysticalagriculture.stone_seeds":227,"stat.craftItem.deepmoblearning.polymer_clay":16,"stat.craftItem.minecraft.glass":68,"stat.craftItem.minecraft.cauldron":2,"stat.pickup.twilightforest.twilight_log":2,"stat.pickup.tconstruct.stone_stick":1,"stat.mineBlock.sky_orchards.log_iron":70,"stat.mineBlock.cyclicmagic.cable_wireless_energy":8,"stat.pickup.sky_orchards.acorn_bone":61,"stat.pickup.minecraft.piston":1,"stat.walkOneCm":3170866,"stat.pickup.sky_orchards.resin_donut":10,"stat.useItem.mysticalagriculture.ghast_seeds":5,"stat.pickup.twilightforest.nagastone_pillar":2,"stat.mineBlock.matteroverdrive.dilithium_ore":1,"stat.pickup.minecraft.clay_ball":1066,"stat.craftItem.inspirations.wooden_crook":10,"stat.useItem.storagenetwork.im_kabel":5,"stat.mineBlock.sky_orchards.log_silver":32,"stat.craftItem.simplegenerators.combustion_upgradable":4,"stat.mineBlock.thermaldynamics.duct_0":16,"stat.mineBlock.slabmachines.workbench_slab":1,"stat.pickup.minecraft.tnt":58,"stat.pickup.minecraft.stone":1882,"stat.craftItem.sky_orchards.amber_redstone":2,"stat.drop.sky_orchards.sapling_coal":1,"stat.pickup.sky_orchards.acorn_silver":31,"stat.pickup.sky_orchards.sapling_gravel":125,"stat.craftItem.extracells.storage.casing":21,"stat.pickup.minecraft.gold_ingot":191,"stat.killEntity.Skeleton":9,"stat.drop.sky_orchards.sapling_dirt":3,"stat.mineBlock.minecraft.cactus":7,"stat.craftItem.minecraft.skull":326,"stat.craftItem.cyclicmagic.energy_pipe":48,"stat.pickup.cyclicmagic.item_pipe":64,"stat.killEntity.Spider":23,"stat.pickup.yoyos.book":2,"stat.mineBlock.inspirations.mulch":2,"stat.pickup.minecraft.quartz":95,"stat.useItem.mysticalagriculture.water_seeds":8,"stat.craftItem.farmingforblockheads.market":2,"stat.pickup.minecraft.water_bucket":6,"stat.mineBlock.tp.blackberry_bush":1,"stat.craftItem.valkyrielib.modifier_component":40,"stat.craftItem.cyclicmagic.melter":1,"stat.pickup.sky_orchards.leaves_tin":412,"stat.useItem.appliedenergistics2.part":261,"stat.mineBlock.minecraft.redstone_ore":1,"stat.mineBlock.tconstruct.casting":9,"stat.mineBlock.tp.growth_upgrade_two":3,"stat.craftItem.minecraft.coal_block":1,"stat.useItem.appliedenergistics2.interface":2,"stat.craftItem.minecraft.brick":197,"stat.pickup.nuclearcraft.solar_panel_elite":6,"stat.pickup.industrialforegoing.crop_sower":4,"stat.pickup.xlfoodmod.donut":30,"stat.mineBlock.minecraft.stone":83,"stat.craftItem.projecte.item.pe_klein_star":2}