{
  "tutorial:tutorial/oakplanks": {
    "criteria": {
      "Obtain Oak Wood Planks": "2020-12-04 23:10:34 +0100"
    },
    "done": false
  },
  "sf4:age1/complete": {
    "criteria": {
      "Completed OinkTree§r": "2020-12-05 14:17:34 +0100",
      "Completed Tin Man§r": "2020-12-05 01:34:05 +0100",
      "Completed Air Fryer§r": "2020-12-04 23:14:24 +0100",
      "Completed Silver Spoon§r": "2020-12-05 12:48:17 +0100",
      "Completed That\u0027s Dir-tree§r": "2020-12-04 23:08:12 +0100",
      "Completed You Cotton Be Kidding Me§r": "2020-12-05 01:45:25 +0100",
      "Completed Sticky Keys§r": "2020-12-04 23:16:49 +0100",
      "Completed Stone Crook§r": "2020-12-05 00:09:13 +0100",
      "Completed Water You Waiting For?§r": "2020-12-05 00:04:41 +0100",
      "Completed Silver Surfer§r": "2020-12-05 12:40:36 +0100",
      "Completed Break a Leg§r": "2020-12-05 01:31:52 +0100",
      "Completed This Tree is Forever§r": "2020-12-05 12:52:32 +0100",
      "Completed Blue Man Group§r": "2020-12-05 02:13:05 +0100",
      "Completed I Love Lucy§r": "2020-12-04 23:15:26 +0100",
      "Completed Hotbois§r": "2020-12-05 00:05:10 +0100",
      "Completed Palm Trees§r": "2020-12-04 23:47:22 +0100",
      "Completed Root": "2020-12-04 23:07:18 +0100",
      "Completed It\u0027s Tin This Pack§r": "2020-12-05 01:57:44 +0100",
      "Completed Nap Time§r": "2020-12-05 01:52:34 +0100",
      "Completed D\u0027OH!§r": "2020-12-05 13:42:22 +0100",
      "Completed Captain Hook§r": "2020-12-04 23:14:09 +0100",
      "Completed Trees to Diamonds§r": "2020-12-05 13:08:09 +0100",
      "Completed Cobble Cobble§r": "2020-12-05 01:15:33 +0100",
      "Completed Not a Helmet§r": "2020-12-05 01:05:57 +0100",
      "Completed Study in the Dark Arts§r": "2020-12-05 01:17:13 +0100",
      "Completed It\u0027s Electric§r": "2020-12-05 02:50:59 +0100",
      "Completed Dirty Dancing§r": "2020-12-04 23:25:14 +0100",
      "Completed Amber is the Color of my Dinosaur§r": "2020-12-05 00:29:39 +0100",
      "Completed SkyFactory 4§r": "2020-12-04 23:07:18 +0100",
      "Completed Don\u0027t Sieve on Me§r": "2020-12-04 23:44:20 +0100",
      "Completed Hog Tied§r": "2020-12-05 01:06:08 +0100",
      "Completed Lead Zeppelin§r": "2020-12-05 02:42:11 +0100",
      "Completed Lead it Go§r": "2020-12-05 02:41:06 +0100",
      "Completed Bubble, Bubble§r": "2020-12-04 23:37:59 +0100",
      "Completed One Shiny Boi§r": "2020-12-05 02:43:56 +0100",
      "Completed Money Grows on Trees§r": "2020-12-05 02:56:54 +0100",
      "Completed Slop in the Bucket§r": "2020-12-04 23:36:18 +0100",
      "Completed You Cotton Something?§r": "2020-12-05 01:46:29 +0100",
      "Completed On the Rocks§r": "2020-12-04 23:51:39 +0100",
      "Completed Starting from the Bottom§r": "2020-12-04 23:08:59 +0100",
      "Completed COALateral Damage§r": "2020-12-05 00:22:24 +0100",
      "Completed Oh, the Irony§r": "2020-12-05 00:41:13 +0100",
      "Completed Ironwood§r": "2020-12-05 02:09:12 +0100",
      "Completed Hardwood§r": "2020-12-04 23:29:24 +0100",
      "Completed Sixteen Tons§r": "2020-12-05 00:18:16 +0100",
      "Prestige Mode": "2020-12-07 14:21:32 +0100",
      "Completed Eating Dirt§r": "2020-12-05 00:28:13 +0100",
      "Completed Stop Slabbing Yourself§r": "2020-12-05 01:02:14 +0100",
      "Completed Clay Aiken§r": "2020-12-04 23:30:08 +0100",
      "Completed I\u0027ve Been Slimed§r": "2020-12-05 13:35:46 +0100",
      "Completed I Don\u0027t Know§r": "2020-12-05 13:23:45 +0100"
    },
    "done": true
  },
  "sf4:age1/sapling/bacon": {
    "criteria": {
      "Completed Root": "2020-12-04 23:07:18 +0100",
      "Obtain Bacon Sapling": "2020-12-05 14:17:34 +0100"
    },
    "done": true
  },
  "twilightforest:alt/treasures/trophies": {
    "criteria": {
      "0": "2020-12-05 15:06:24 +0100",
      "1": "2020-12-05 15:06:24 +0100",
      "2": "2020-12-05 15:06:24 +0100",
      "3": "2020-12-05 15:06:24 +0100",
      "4": "2020-12-05 15:06:24 +0100",
      "5": "2020-12-05 15:06:24 +0100",
      "6": "2020-12-05 15:06:24 +0100",
      "7": "2020-12-05 15:06:24 +0100",
      "8": "2020-12-05 15:06:24 +0100"
    },
    "done": true
  },
  "sf4:age1/nonpacifist": {
    "criteria": {
      "superflat2": "2020-12-04 23:07:18 +0100",
      "superflat32": "2020-12-04 23:07:18 +0100",
      "Completed Root": "2020-12-04 23:07:18 +0100"
    },
    "done": true
  },
  "sf4:age_storage/logicpress": {
    "criteria": {
      "Obtain Logic Press": "2020-12-06 16:05:44 +0100"
    },
    "done": true
  },
  "sf4:age_power/upgradeablegenerators": {
    "criteria": {
      "Obtain Simple Upgradable Combustion Generator": "2020-12-06 01:45:08 +0100",
      "Obtain Simple Upgradable Fluid Combustion Generator": "2020-12-06 01:45:08 +0100",
      "Obtain Simple Upgradable Nether Generator": "2020-12-06 01:45:08 +0100",
      "Obtain Simple Upgradable Turbine Generator": "2020-12-06 01:45:08 +0100",
      "Obtain Simple Upgradable Ender Generator": "2020-12-06 01:45:08 +0100",
      "Obtain Simple Upgradable Culinary Generator": "2020-12-06 01:45:08 +0100",
      "Obtain Simple Upgradable Soul Generator": "2020-12-06 01:45:08 +0100",
      "Obtain Simple Upgradable Geothermal Generator": "2020-12-06 01:45:08 +0100"
    },
    "done": true
  },
  "sf4:age_power/wirelesscharger": {
    "criteria": {
      "Obtain Wireless Charger": "2020-12-06 16:23:09 +0100"
    },
    "done": true
  },
  "sf4:age1/sapling/redstone": {
    "criteria": {
      "Completed Root": "2020-12-04 23:07:18 +0100",
      "Obtain Redstone Sapling": "2020-12-05 02:50:59 +0100"
    },
    "done": true
  },
  "twilightforest:progress_naga": {
    "criteria": {
      "scale": "2020-12-05 15:06:24 +0100",
      "kill_mob": "2020-12-05 15:01:18 +0100",
      "naga": "2020-12-05 15:06:24 +0100"
    },
    "done": true
  },
  "compactmachines:test/3x3x3": {
    "criteria": {
      "Obtain Grass Block": "2020-12-05 02:33:33 +0100"
    },
    "done": false
  },
  "sf4:age_enhancement/weirdinggadget": {
    "criteria": {
      "Obtain Weirding Gadget": "2020-12-05 21:52:38 +0100"
    },
    "done": true
  },
  "tutorial:tutorial/copied/sandsapling": {
    "criteria": {
      "Obtain Sand Sapling": "2020-12-04 23:47:57 +0100"
    },
    "done": false
  },
  "sf4:age_farming/sprinkler": {
    "criteria": {
      "Obtain Sprinkler": "2020-12-06 03:58:11 +0100"
    },
    "done": true
  },
  "sf4:age1/slabs": {
    "criteria": {
      "Obtain Chest Slab": "2020-12-05 01:02:14 +0100",
      "Obtain Workbench Slab": "2020-12-05 01:02:14 +0100",
      "Completed Root": "2020-12-04 23:07:18 +0100",
      "Obtain Furnace Slab": "2020-12-05 01:02:14 +0100",
      "Obtain Crafting Station Slab": "2020-12-05 01:02:14 +0100"
    },
    "done": true
  },
  "sf4:age_farming/wateringcan": {
    "criteria": {
      "Obtain Watering Can": "2020-12-05 12:19:24 +0100"
    },
    "done": true
  },
  "sf4:age1/lavasource": {
    "criteria": {
      "Completed SkyFactory 4§r": "2020-12-04 23:07:18 +0100",
      "Completed Root": "2020-12-04 23:07:18 +0100"
    },
    "done": false
  },
  "tutorial:tutorial/copied/resourcehogs": {
    "criteria": {
      "Obtain Cobblestone Mud": "2020-12-05 01:06:28 +0100"
    },
    "done": false
  },
  "sf4:age_storage/bdsandmwoodencrate": {
    "criteria": {
      "Obtain Wood Crate": "2020-12-05 16:34:15 +0100"
    },
    "done": true
  },
  "sf4:age_exploration/nether": {
    "criteria": {
      "Entered Other Nether": "2020-12-05 16:40:58 +0100",
      "Entered Nether": "2020-12-05 16:40:58 +0100"
    },
    "done": true
  },
  "sf4:age_enhancement/craftingupgrade": {
    "criteria": {
      "Eat Cyclic Crafting Upgrade": "2020-12-05 21:58:29 +0100"
    },
    "done": true
  },
  "hardcore:hardcore/forgivingvoid": {
    "criteria": {
      "Completed Age of Exploration§r": "2020-12-04 23:07:17 +0100"
    },
    "done": false
  },
  "sf4:age_storage/simplestoragerequest": {
    "criteria": {
      "Obtain Request Block": "2020-12-05 17:26:00 +0100"
    },
    "done": true
  },
  "sf4:age_enhancement/completenoprestige": {
    "criteria": {
      "Completed Paxel Rose§r": "2020-12-05 14:25:39 +0100",
      "Prestige Mode Disabled": "2020-12-04 23:07:17 +0100",
      "Completed Overworked and Underpaid§r": "2020-12-06 01:25:41 +0100",
      "Completed Yo-Yo Ma§r": "2020-12-06 16:36:36 +0100",
      "Completed Up in Arms§r": "2020-12-05 14:22:57 +0100",
      "Completed Tim the Tool Man Taylor§r": "2020-12-05 02:04:22 +0100",
      "Completed Pattern Me, Sir§r": "2020-12-05 02:04:29 +0100",
      "Completed Forging Ahead§r": "2020-12-05 20:16:44 +0100",
      "Completed Keep It Between the Lines§r": "2020-12-05 02:04:22 +0100",
      "Completed Weirdly Mesmerizing§r": "2020-12-05 21:52:38 +0100",
      "Completed Suit Up§r": "2020-12-05 20:11:59 +0100",
      "Completed Rolling into the Station§r": "2020-12-05 02:04:36 +0100",
      "Completed It\u0027s Over 20!§r": "2020-12-06 15:59:41 +0100",
      "Completed Age of Enhancement§r": "2020-12-04 23:07:17 +0100",
      "Completed Edible Arrangements§r": "2020-12-05 21:58:29 +0100",
      "Completed Ore\u0027nt You Glad I Didn\u0027t Say Banana§r": "2020-12-05 01:33:03 +0100",
      "Completed An Enchanting Evening§r": "2020-12-05 19:53:23 +0100",
      "Completed Eat Your Heart Out§r": "2020-12-05 17:11:00 +0100",
      "Completed Storage Wars§r": "2020-12-05 17:09:20 +0100"
    },
    "done": false
  },
  "tutorial:tutorial/copied/goldsapling": {
    "criteria": {
      "Obtain Gold Sapling": "2020-12-05 02:57:45 +0100"
    },
    "done": false
  },
  "prestige:prestige/parabox_two": {
    "criteria": {
      "Obtain Empowered Parabox": "2020-12-07 14:03:28 +0100"
    },
    "done": true
  },
  "sf4:age_enhancement/armorforge": {
    "criteria": {
      "Obtain Armor Forge": "2020-12-05 20:11:59 +0100"
    },
    "done": true
  },
  "tutorial:tutorial/copied/slabs": {
    "criteria": {
      "Obtain Workbench Slab": "2020-12-05 01:02:29 +0100"
    },
    "done": false
  },
  "twilightforest:alt/entities/goblins": {
    "criteria": {
      "0": "2020-12-05 15:09:13 +0100",
      "1": "2020-12-05 15:09:13 +0100",
      "2": "2020-12-05 15:09:13 +0100",
      "3": "2020-12-05 15:09:13 +0100"
    },
    "done": true
  },
  "sf4:age_storage/siliconpress": {
    "criteria": {
      "Obtain Silicon Press": "2020-12-06 16:05:28 +0100"
    },
    "done": true
  },
  "twilightforest:alt/biomes/general_biomes": {
    "criteria": {
      "0": "2020-12-05 14:57:45 +0100",
      "1": "2020-12-05 14:57:45 +0100",
      "2": "2020-12-05 14:57:45 +0100",
      "3": "2020-12-05 14:57:45 +0100",
      "4": "2020-12-05 14:57:45 +0100",
      "5": "2020-12-05 14:57:45 +0100",
      "6": "2020-12-05 14:57:45 +0100",
      "7": "2020-12-05 14:57:45 +0100"
    },
    "done": true
  },
  "sf4:age1/cauldron": {
    "criteria": {
      "Completed Root": "2020-12-04 23:07:18 +0100",
      "Obtain a Cauldron": "2020-12-04 23:37:59 +0100"
    },
    "done": true
  },
  "sf4:age1/cobblestone_generator": {
    "criteria": {
      "Completed Root": "2020-12-04 23:07:18 +0100",
      "Open Chest Filled with Cobblestone": "2020-12-05 01:15:33 +0100"
    },
    "done": true
  },
  "twilightforest:alt/entities/redcap": {
    "criteria": {
      "slain_by": "2020-12-05 15:09:13 +0100",
      "summon": "2020-12-05 15:09:13 +0100",
      "tame": "2020-12-05 15:09:13 +0100",
      "slay": "2020-12-05 15:09:13 +0100",
      "hurt_by_indirect": "2020-12-05 15:09:13 +0100",
      "hurt": "2020-12-05 15:09:13 +0100"
    },
    "done": true
  },
  "tutorial:tutorial/copied/cobblestone": {
    "criteria": {
      "Obtain Cobblestone Block": "2020-12-04 23:57:21 +0100"
    },
    "done": false
  },
  "sf4:age1/prestige_notify": {
    "criteria": {
      "Completed Root": "2020-12-04 23:07:18 +0100",
      "stage": "2020-12-07 14:21:32 +0100"
    },
    "done": true
  },
  "sf4:age1/crushing_tub": {
    "criteria": {
      "Obtain Crushing Tub": "2020-12-04 23:15:26 +0100",
      "Completed Root": "2020-12-04 23:07:18 +0100"
    },
    "done": true
  },
  "twilightforest:alt/treasures/twilight_scepter": {
    "criteria": {
      "scepter": "2020-12-05 15:52:23 +0100"
    },
    "done": true
  },
  "tutorial:tutorial/petrifiedacorn": {
    "criteria": {
      "Obtain Oak Wood Planks": "2020-12-04 23:27:43 +0100"
    },
    "done": false
  },
  "twilightforest:alt/entities/naga": {
    "criteria": {
      "slain_by": "2020-12-05 15:05:58 +0100",
      "summon": "2020-12-05 15:05:58 +0100",
      "tame": "2020-12-05 15:05:58 +0100",
      "slay": "2020-12-05 15:05:58 +0100",
      "hurt_by_indirect": "2020-12-05 15:05:58 +0100",
      "hurt": "2020-12-05 15:05:58 +0100"
    },
    "done": true
  },
  "tutorial:tutorial/woodencrook": {
    "criteria": {
      "Obtain a Wooden Crook": "2020-12-04 23:14:09 +0100"
    },
    "done": false
  },
  "sf4:age1/sapling/donut": {
    "criteria": {
      "Completed Root": "2020-12-04 23:07:18 +0100",
      "Obtain Donut Sapling": "2020-12-05 13:42:22 +0100"
    },
    "done": true
  },
  "tutorial:tutorial/copied/ironsapling": {
    "criteria": {
      "Obtain Iron Sapling": "2020-12-05 02:13:07 +0100"
    },
    "done": false
  },
  "sf4:age_farming/fertilesoil": {
    "criteria": {
      "Obtain Fertile Soil": "2020-12-05 13:03:31 +0100"
    },
    "done": true
  },
  "sf4:age_power/completenoprestige": {
    "criteria": {
      "Prestige Mode Disabled": "2020-12-04 23:07:17 +0100",
      "Completed Generator, I Hardly Know Her§r": "2020-12-05 20:26:41 +0100",
      "Completed Clicker Hero§r": "2020-12-05 20:19:55 +0100",
      "Completed The Study Guide§r": "2020-12-06 05:07:42 +0100",
      "Completed Package Control§r": "2020-12-06 13:29:23 +0100",
      "Completed Extraction, Extraction, Read All About It!§r": "2020-12-06 01:54:04 +0100",
      "Completed Need iiii Speed§r": "2020-12-06 05:19:43 +0100",
      "Completed Tesla was Right!§r": "2020-12-06 16:23:09 +0100",
      "Completed Age of Power§r": "2020-12-04 23:07:17 +0100",
      "Completed Down the Rabbit Hole§r": "2020-12-06 01:53:02 +0100",
      "Completed Dead Cells§r": "2020-12-06 05:28:11 +0100",
      "Completed What\u0027s the Matter with Overworldians?§r": "2020-12-06 05:28:08 +0100",
      "Completed Level Up!§r": "2020-12-06 01:45:08 +0100",
      "Completed Bring Me to Life§r": "2020-12-06 01:55:40 +0100"
    },
    "done": false
  },
  "sf4:age1/sapling/clay": {
    "criteria": {
      "Completed Root": "2020-12-04 23:07:18 +0100",
      "Obtain a Clay Sapling": "2020-12-04 23:30:08 +0100"
    },
    "done": true
  },
  "sf4:age1/cobblestone": {
    "criteria": {
      "Completed Root": "2020-12-04 23:07:18 +0100",
      "Obtain Cobblestone Block": "2020-12-04 23:51:39 +0100"
    },
    "done": true
  },
  "sf4:age1/sapling/gold": {
    "criteria": {
      "Completed Root": "2020-12-04 23:07:18 +0100",
      "Obtain Gold Sapling": "2020-12-05 02:56:54 +0100"
    },
    "done": true
  },
  "twilightforest:arborist": {
    "criteria": {
      "twilight_oak_planks": "2020-12-05 15:04:09 +0100",
      "twilight_oak_log": "2020-12-05 15:04:03 +0100"
    },
    "done": false
  },
  "sf4:age_farming/hoppingbonsai": {
    "criteria": {
      "Obtain Bonsai Pot": "2020-12-05 12:27:09 +0100"
    },
    "done": true
  },
  "sf4:age_farming/sugarcaneseed": {
    "criteria": {
      "Obtain Sugar Cane Seeds": "2020-12-04 23:40:55 +0100"
    },
    "done": true
  },
  "twilightforest:alt/entities/swarm_spider": {
    "criteria": {
      "slain_by": "2020-12-05 15:01:17 +0100",
      "summon": "2020-12-05 15:01:17 +0100",
      "tame": "2020-12-05 15:01:17 +0100",
      "slay": "2020-12-05 15:01:17 +0100",
      "hurt_by_indirect": "2020-12-05 15:01:17 +0100",
      "hurt": "2020-12-05 15:01:17 +0100"
    },
    "done": true
  },
  "sf4:age_allthethingsomglol/octuplecompressednetherrackblock": {
    "criteria": {
      "Obtain Octuple Compressed Sugar Cane": "2020-12-06 15:06:23 +0100"
    },
    "done": true
  },
  "tutorial:tutorial/dryingrack": {
    "criteria": {
      "Obtain Oak Wood Planks": "2020-12-04 23:14:24 +0100"
    },
    "done": false
  },
  "sf4:age_allthethingsomglol/fullyupgradedsimplegenerator": {
    "criteria": {
      "Right Click Simple Gen": "2020-12-06 05:21:06 +0100"
    },
    "done": true
  },
  "sf4:age1/acorn/dirt": {
    "criteria": {
      "Obtain Dirt Acorn": "2020-12-04 23:08:59 +0100",
      "Completed Root": "2020-12-04 23:07:18 +0100"
    },
    "done": true
  },
  "twilightforest:alt/compat/tconstruct": {
    "criteria": {
      "tooltable4": "2020-12-05 02:04:18 +0100",
      "cast": "2020-12-05 02:04:18 +0100",
      "tooltable5": "2020-12-05 02:04:18 +0100",
      "tooltable2": "2020-12-05 02:04:18 +0100",
      "tooltable3": "2020-12-05 02:04:18 +0100",
      "tooltable1": "2020-12-05 02:04:18 +0100",
      "book": "2020-12-05 02:04:18 +0100",
      "clay_cast": "2020-12-05 02:04:18 +0100",
      "pattern": "2020-12-05 02:04:18 +0100",
      "toolforge": "2020-12-05 02:04:18 +0100"
    },
    "done": true
  },
  "sf4:age_storage/compactstoragechest": {
    "criteria": {
      "Obtain Compact Storage Chest": "2020-12-05 19:08:35 +0100"
    },
    "done": true
  },
  "sf4:age_allthethingsomglol/complete": {
    "criteria": {
      "Completed Nether Regions§r": "2020-12-06 15:06:23 +0100",
      "Completed Zip Disk§r": "2020-12-06 16:14:04 +0100",
      "Completed MAXIMUM OVERDRIVE§r": "2020-12-06 05:21:06 +0100",
      "Completed SUGAR HIGH§r": "2020-12-06 15:05:18 +0100",
      "Completed Age of ALLTHETHINGSOMGLOL§r": "2020-12-04 23:07:17 +0100",
      "Prestige Mode": "2020-12-07 14:21:32 +0100",
      "Completed I\u0027m Not Lazy, I\u0027m Energy Efficient§r": "2020-12-06 01:29:44 +0100"
    },
    "done": false
  },
  "tutorial:tutorial/oakwood": {
    "criteria": {
      "Obtain Oak Wood": "2020-12-04 23:09:18 +0100"
    },
    "done": false
  },
  "sf4:age_enhancement/root": {
    "criteria": {
      "killedByEntity": "2020-12-05 01:33:03 +0100",
      "enterDimension": "2020-12-05 01:33:03 +0100",
      "killEntity": "2020-12-05 01:33:03 +0100",
      "location": "2020-12-05 01:33:03 +0100",
      "breakBlock": "2020-12-05 01:33:03 +0100",
      "craftItem": "2020-12-05 01:33:03 +0100",
      "inventoryChange": "2020-12-04 23:07:17 +0100"
    },
    "done": true
  },
  "twilightforest:alt/treasures/scepters": {
    "criteria": {
      "0": "2020-12-05 15:52:23 +0100",
      "1": "2020-12-05 15:52:23 +0100",
      "2": "2020-12-05 15:52:23 +0100",
      "3": "2020-12-05 15:52:23 +0100"
    },
    "done": true
  },
  "sf4:age_exploration/overworldcake": {
    "criteria": {
      "Obtain Overworld Cake": "2020-12-05 14:41:53 +0100"
    },
    "done": true
  },
  "sf4:age_storage/simplestorageremote": {
    "criteria": {
      "Obtain Storage Network Remote": "2020-12-05 19:24:41 +0100"
    },
    "done": true
  },
  "sf4:age_exploration/complete": {
    "criteria": {
      "Completed Age of Exploration§r": "2020-12-04 23:07:17 +0100",
      "Completed No Cake Like Home§r": "2020-12-05 14:41:53 +0100",
      "Completed Nether Here Nor There§r": "2020-12-05 16:40:58 +0100",
      "Completed Lost and Found§r": "2020-12-06 05:56:15 +0100",
      "Prestige Mode": "2020-12-07 14:21:32 +0100",
      "Completed Light up Your Night§r": "2020-12-05 18:47:46 +0100",
      "Completed B\u0027Aiken a C\u0027Aiken§r": "2020-12-06 06:08:29 +0100",
      "Completed You\u0027re Tritanium to Bring Me Down§r": "2020-12-05 15:24:47 +0100",
      "Completed Smells Like Nirvana§r": "2020-12-05 18:44:12 +0100",
      "Completed Even Scotty Doesn\u0027t Know§r": "2020-12-05 15:26:47 +0100",
      "Completed Uranium Fever§r": "2020-12-05 15:11:41 +0100",
      "Completed Let the Hunt Begin§r": "2020-12-05 18:20:59 +0100"
    },
    "done": false
  },
  "sf4:age1/sapling/dirt": {
    "criteria": {
      "Obtain Dirt Sapling": "2020-12-04 23:08:12 +0100",
      "Completed Root": "2020-12-04 23:07:18 +0100"
    },
    "done": true
  },
  "sf4:age1/resourcehogs": {
    "criteria": {
      "Completed Root": "2020-12-04 23:07:18 +0100",
      "Obtain Cobblestone Mud": "2020-12-05 01:06:08 +0100"
    },
    "done": true
  },
  "sf4:age_exploration/arditeore": {
    "criteria": {
      "Obtain Ardite Ore": "2020-12-05 20:22:19 +0100",
      "Obtain Ice Ardite Ore": "2020-12-05 20:22:19 +0100"
    },
    "done": true
  },
  "sf4:age1/green_slimy_dirt": {
    "criteria": {
      "Completed Root": "2020-12-04 23:07:18 +0100",
      "Obtain Green Slime Dirt": "2020-12-05 13:35:46 +0100"
    },
    "done": true
  },
  "sf4:age_enhancement/tank": {
    "criteria": {
      "Obtain Tank": "2020-12-05 01:33:03 +0100",
      "Obtain Porcelain Tank": "2020-12-05 01:33:03 +0100"
    },
    "done": true
  },
  "sf4:age_storage/hopper": {
    "criteria": {
      "Obtain Hopper": "2020-12-05 12:26:55 +0100"
    },
    "done": true
  },
  "sf4:age1/iron_bucket": {
    "criteria": {
      "Completed Root": "2020-12-04 23:07:18 +0100",
      "Obtain Iron Bucket": "2020-12-05 01:05:57 +0100"
    },
    "done": true
  },
  "projecte:projecte/root": {
    "criteria": {
      "superflat": "2020-12-06 00:32:03 +0100",
      "hasRock2": "2020-12-06 00:32:03 +0100",
      "hasRock1": "2020-12-06 00:32:03 +0100",
      "hasRock3": "2020-12-06 00:32:03 +0100"
    },
    "done": true
  },
  "sf4:age_enhancement/toolstation": {
    "criteria": {
      "Obtain Tool Station": "2020-12-05 02:04:36 +0100"
    },
    "done": true
  },
  "sf4:age1/amber/lead": {
    "criteria": {
      "Completed Root": "2020-12-04 23:07:18 +0100",
      "Obtain Lead Amber": "2020-12-05 02:41:06 +0100"
    },
    "done": true
  },
  "twilightforest:alt/biomes/oak_savannah": {
    "criteria": {
      "discover": "2020-12-05 16:02:37 +0100"
    },
    "done": true
  },
  "twilightforest:alt/biomes/twilight_clearing": {
    "criteria": {
      "discover": "2020-12-05 15:35:17 +0100"
    },
    "done": true
  },
  "sf4:age_farming/brownmulch": {
    "criteria": {
      "Obtain Brown Mulch": "2020-12-05 13:03:31 +0100"
    },
    "done": true
  },
  "tutorial:tutorial/placedirtsapling": {
    "criteria": {
      "Placed Dirt Sapling": "2020-12-04 23:09:03 +0100"
    },
    "done": false
  },
  "twilightforest:alt/entities/animals": {
    "criteria": {
      "0": "2020-12-05 15:09:51 +0100",
      "1": "2020-12-05 15:09:51 +0100",
      "2": "2020-12-05 15:09:51 +0100",
      "3": "2020-12-05 15:09:51 +0100",
      "4": "2020-12-05 15:09:51 +0100",
      "5": "2020-12-05 15:09:51 +0100",
      "6": "2020-12-05 15:09:51 +0100",
      "7": "2020-12-05 15:09:51 +0100"
    },
    "done": true
  },
  "sf4:age_power/extractionchamber": {
    "criteria": {
      "Obtain Loot Fabricator": "2020-12-06 01:54:04 +0100"
    },
    "done": true
  },
  "twilightforest:progress_trophy_pedestal": {
    "criteria": {
      "kill_lich": "2020-12-05 15:52:19 +0100"
    },
    "done": false
  },
  "tutorial:tutorial/dirtsapling": {
    "criteria": {
      "Obtain a Dirt Sapling": "2020-12-04 23:08:12 +0100"
    },
    "done": false
  },
  "prestige:prestige/parabox": {
    "criteria": {
      "hasRock": "2020-12-07 14:03:28 +0100"
    },
    "done": true
  },
  "tutorial:tutorial/copied/crushingtub": {
    "criteria": {
      "Obtain Crushing Tub": "2020-12-04 23:31:02 +0100"
    },
    "done": false
  },
  "tutorial:tutorial/copied/water": {
    "criteria": {
      "Obtain Water in an Iron Bucket": "2020-12-05 01:17:04 +0100",
      "Obtain Water in a Clay Bucket": "2020-12-05 00:14:24 +0100"
    },
    "done": false
  },
  "sf4:age1/sapling/lapis": {
    "criteria": {
      "Completed Root": "2020-12-04 23:07:18 +0100",
      "Obtain Lapis Sapling": "2020-12-05 02:13:05 +0100"
    },
    "done": true
  },
  "sf4:age1/coal": {
    "criteria": {
      "Completed Root": "2020-12-04 23:07:18 +0100",
      "Obtain Coal": "2020-12-05 00:22:24 +0100"
    },
    "done": true
  },
  "tutorial:tutorial/copied/iron": {
    "criteria": {
      "Obtain Iron Amber": "2020-12-05 00:29:39 +0100"
    },
    "done": false
  },
  "sf4:age_exploration/root": {
    "criteria": {
      "killedByEntity": "2020-12-05 14:41:53 +0100",
      "enterDimension": "2020-12-05 14:41:53 +0100",
      "killEntity": "2020-12-05 14:41:53 +0100",
      "location": "2020-12-05 14:41:53 +0100",
      "breakBlock": "2020-12-05 14:41:53 +0100",
      "inventoryChange": "2020-12-04 23:07:17 +0100",
      "craftItem": "2020-12-05 14:41:53 +0100"
    },
    "done": true
  },
  "sf4:age_storage/bdsandmwoodenbarrel": {
    "criteria": {
      "Obtain Wooden Barrel": "2020-12-05 16:36:28 +0100"
    },
    "done": true
  },
  "sf4:age_storage/root": {
    "criteria": {
      "killedByEntity": "2020-12-05 12:26:55 +0100",
      "enterDimension": "2020-12-05 12:26:55 +0100",
      "killEntity": "2020-12-05 12:26:55 +0100",
      "location": "2020-12-05 12:26:55 +0100",
      "breakBlock": "2020-12-05 12:26:55 +0100",
      "inventoryChange": "2020-12-04 23:07:17 +0100",
      "craftItem": "2020-12-05 12:26:55 +0100"
    },
    "done": true
  },
  "sf4:age1/diamond": {
    "criteria": {
      "Obtain Diamond": "2020-12-05 13:08:09 +0100",
      "Completed Root": "2020-12-04 23:07:18 +0100"
    },
    "done": true
  },
  "sf4:age1/obsidian": {
    "criteria": {
      "Completed Root": "2020-12-04 23:07:18 +0100",
      "Obtain Obsidian": "2020-12-05 01:17:13 +0100"
    },
    "done": true
  },
  "tutorial:tutorial/copied/lava": {
    "criteria": {
      "Obtain Lava Iron Bucket": "2020-12-05 01:33:24 +0100"
    },
    "done": false
  },
  "sf4:age_storage/simplestoragecable": {
    "criteria": {
      "Obtain Network Cable": "2020-12-05 17:25:38 +0100"
    },
    "done": true
  },
  "sf4:age1/dirt": {
    "criteria": {
      "Completed Root": "2020-12-04 23:07:18 +0100",
      "Craft Dirt Block": "2020-12-04 23:25:14 +0100"
    },
    "done": true
  },
  "sf4:age1/sapling/coal": {
    "criteria": {
      "Completed Root": "2020-12-04 23:07:18 +0100",
      "Obtain Coal Sapling": "2020-12-05 00:18:16 +0100"
    },
    "done": true
  },
  "sf4:age_enhancement/20damage": {
    "criteria": {
      "Deal 20 or More Damage": "2020-12-06 15:59:41 +0100"
    },
    "done": true
  },
  "sf4:age_exploration/twilightforest": {
    "criteria": {
      "Entered Twilight Forest Dimension": "2020-12-05 14:57:45 +0100"
    },
    "done": true
  },
  "sf4:age1/acorn/dirt_cooked": {
    "criteria": {
      "Completed Root": "2020-12-04 23:07:18 +0100",
      "Obtain Cooked Dirt Acorn": "2020-12-05 00:28:13 +0100"
    },
    "done": true
  },
  "twilightforest:alt/major_landmarks/small_hollow_hill": {
    "criteria": {
      "discover": "2020-12-05 14:59:00 +0100"
    },
    "done": true
  },
  "sf4:age_storage/drivebay": {
    "criteria": {
      "Obtain Drive Bay": "2020-12-06 16:15:05 +0100"
    },
    "done": true
  },
  "sf4:age1/twerk": {
    "criteria": {
      "Completed Root": "2020-12-04 23:07:18 +0100",
      "Obtain 8 Dirt Saplings": "2020-12-04 23:13:07 +0100",
      "Obtain 8 Oak Logs": "2020-12-04 23:16:49 +0100"
    },
    "done": true
  },
  "twilightforest:alt/entities/death_tome": {
    "criteria": {
      "slain_by": "2020-12-05 15:42:59 +0100",
      "summon": "2020-12-05 15:42:59 +0100",
      "tame": "2020-12-05 15:42:59 +0100",
      "slay": "2020-12-05 15:42:59 +0100",
      "hurt_by_indirect": "2020-12-05 15:42:59 +0100",
      "hurt": "2020-12-05 15:42:59 +0100"
    },
    "done": true
  },
  "tutorial:tutorial/copied/diamondsapling": {
    "criteria": {
      "Obtain Diamond Sapling": "2020-12-05 13:06:37 +0100"
    },
    "done": false
  },
  "tutorial:tutorial/copied/string": {
    "criteria": {
      "Obtain Cottonwood Sapling": "2020-12-05 01:53:47 +0100",
      "Obtain String": "2020-12-05 01:53:14 +0100"
    },
    "done": false
  },
  "twilightforest:alt/treasures/naga_armor_set": {
    "criteria": {
      "ingredient": "2020-12-05 15:06:24 +0100",
      "chestplate": "2020-12-05 15:06:25 +0100",
      "leggings": "2020-12-05 15:06:25 +0100"
    },
    "done": true
  },
  "twilightforest:alt/entities/bighorn_sheep": {
    "criteria": {
      "slain_by": "2020-12-05 15:28:00 +0100",
      "summon": "2020-12-05 15:28:00 +0100",
      "tame": "2020-12-05 15:28:00 +0100",
      "slay": "2020-12-05 15:28:00 +0100",
      "hurt_by_indirect": "2020-12-05 15:28:00 +0100",
      "hurt": "2020-12-05 15:28:00 +0100"
    },
    "done": true
  },
  "sf4:age_farming/market": {
    "criteria": {
      "Obtain Market": "2020-12-05 02:53:57 +0100"
    },
    "done": true
  },
  "twilightforest:root": {
    "criteria": {
      "in_tf": "2020-12-05 14:57:45 +0100",
      "make_portal": "2020-12-05 14:57:45 +0100"
    },
    "done": true
  },
  "sf4:age1/clay_bucket": {
    "criteria": {
      "Obtain Unfired Clay Bucket": "2020-12-04 23:36:18 +0100",
      "Completed Root": "2020-12-04 23:07:18 +0100",
      "Obtain Clay Bucket": "2020-12-04 23:36:18 +0100"
    },
    "done": true
  },
  "sf4:age_exploration/dragonkill": {
    "criteria": {
      "Enter Custom End Dimension": "2020-12-05 14:57:44 +0100"
    },
    "done": false
  },
  "prestige:prestige/root": {
    "criteria": {
      "stage": "2020-12-07 14:03:28 +0100"
    },
    "done": true
  },
  "sf4:age_farming/complete": {
    "criteria": {
      "Completed Sugar Daddy§r": "2020-12-05 12:45:22 +0100",
      "Completed Bonsai!!!§r": "2020-12-05 12:27:06 +0100",
      "Completed Citizen Cane§r": "2020-12-04 23:40:55 +0100",
      "Prestige Mode": "2020-12-07 14:21:32 +0100",
      "Completed Sick Sprinkler§r": "2020-12-06 03:58:11 +0100",
      "Completed Shredded Wheat§r": "2020-12-05 02:54:33 +0100",
      "Completed Age of Farming§r": "2020-12-04 23:07:17 +0100",
      "Completed Beanboozled§r": "2020-12-05 17:11:26 +0100",
      "Completed Yes We Can!§r": "2020-12-05 12:19:24 +0100",
      "Completed This Little Piggy§r": "2020-12-05 02:53:57 +0100"
    },
    "done": false
  },
  "sf4:age_exploration/uraniumore": {
    "criteria": {
      "Obtain Uranium Ore": "2020-12-05 15:11:41 +0100"
    },
    "done": true
  },
  "tutorial:tutorial/copied/ironingot": {
    "criteria": {
      "Obtain Iron Ingot": "2020-12-05 00:41:13 +0100"
    },
    "done": false
  },
  "tutorial:tutorial/copied/ironbucket": {
    "criteria": {
      "Obtain Iron Bucket": "2020-12-05 01:09:51 +0100"
    },
    "done": false
  },
  "sf4:age_power/zombiedatamodel": {
    "criteria": {
      "Obtain Zombie Data Model": "2020-12-06 01:55:40 +0100"
    },
    "done": true
  },
  "twilightforest:twilight_hunter": {
    "criteria": {
      "deer": "2020-12-05 15:01:18 +0100",
      "hedge_spider": "2020-12-05 15:01:18 +0100",
      "death_tome": "2020-12-05 15:01:18 +0100",
      "lich_minion": "2020-12-05 15:01:18 +0100",
      "skeleton_druid": "2020-12-05 15:01:18 +0100",
      "kobold": "2020-12-05 15:01:18 +0100",
      "slime_beetle": "2020-12-05 15:01:18 +0100",
      "wild_boar": "2020-12-05 15:01:18 +0100",
      "redcap_sapper": "2020-12-05 15:01:18 +0100",
      "hydra": "2020-12-05 15:01:18 +0100",
      "lich": "2020-12-05 15:01:18 +0100",
      "unstable_ice_core": "2020-12-05 15:01:18 +0100",
      "bunny": "2020-12-05 15:01:18 +0100",
      "blockchain_goblin": "2020-12-05 15:01:18 +0100",
      "swarm_spider": "2020-12-05 15:01:18 +0100",
      "knight_phantom": "2020-12-05 15:01:18 +0100",
      "adherent": "2020-12-05 15:01:18 +0100",
      "raven": "2020-12-05 15:01:18 +0100",
      "redcap": "2020-12-05 15:01:18 +0100",
      "troll": "2020-12-05 15:01:18 +0100",
      "hostile_wolf": "2020-12-05 15:01:18 +0100",
      "fire_beetle": "2020-12-05 15:01:18 +0100",
      "mosquito_swarm": "2020-12-05 15:01:18 +0100",
      "boggard": "2020-12-05 15:01:18 +0100",
      "stable_ice_core": "2020-12-05 15:01:18 +0100",
      "helmet_crab": "2020-12-05 15:01:18 +0100",
      "minotaur": "2020-12-05 15:01:18 +0100",
      "yeti_alpha": "2020-12-05 15:01:18 +0100",
      "squirrel": "2020-12-05 15:01:18 +0100",
      "wraith": "2020-12-05 15:01:18 +0100",
      "snow_queen": "2020-12-05 15:01:18 +0100",
      "tiny_bird": "2020-12-05 15:01:18 +0100",
      "ur_ghast": "2020-12-05 15:01:18 +0100",
      "yeti": "2020-12-05 15:01:18 +0100",
      "naga": "2020-12-05 15:01:18 +0100",
      "penguin": "2020-12-05 15:01:18 +0100",
      "pinch_beetle": "2020-12-05 15:01:18 +0100",
      "bighorn_sheep": "2020-12-05 15:01:18 +0100"
    },
    "done": true
  },
  "sf4:age1/drying_rack": {
    "criteria": {
      "Completed Root": "2020-12-04 23:07:18 +0100",
      "Obtain Drying Rack": "2020-12-04 23:14:23 +0100"
    },
    "done": true
  },
  "twilightforest:alt/entities/raven": {
    "criteria": {
      "slain_by": "2020-12-05 15:28:07 +0100",
      "summon": "2020-12-05 15:28:07 +0100",
      "tame": "2020-12-05 15:28:07 +0100",
      "slay": "2020-12-05 15:28:07 +0100",
      "hurt_by_indirect": "2020-12-05 15:28:07 +0100",
      "hurt": "2020-12-05 15:28:07 +0100"
    },
    "done": true
  },
  "sf4:age_allthethingsomglol/complete_no_prestige": {
    "criteria": {
      "Prestige Mode Disabled": "2020-12-04 23:07:17 +0100",
      "Completed Nether Regions§r": "2020-12-06 15:06:23 +0100",
      "Completed Zip Disk§r": "2020-12-06 16:14:04 +0100",
      "Completed MAXIMUM OVERDRIVE§r": "2020-12-06 05:21:06 +0100",
      "Completed SUGAR HIGH§r": "2020-12-06 15:05:18 +0100",
      "Completed Age of ALLTHETHINGSOMGLOL§r": "2020-12-04 23:07:17 +0100",
      "Completed I\u0027m Not Lazy, I\u0027m Energy Efficient§r": "2020-12-06 01:29:44 +0100"
    },
    "done": false
  },
  "sf4:age1/sapling": {
    "criteria": {
      "Completed SkyFactory 4§r": "2020-12-04 23:07:18 +0100",
      "Has Sapling": "2020-12-04 23:08:12 +0100",
      "Completed Root": "2020-12-04 23:07:18 +0100"
    },
    "done": false
  },
  "sf4:age_enhancement/toolforge": {
    "criteria": {
      "Obtain Tool Forge": "2020-12-05 20:16:44 +0100"
    },
    "done": true
  },
  "sf4:age1/sapling/cottonwood": {
    "criteria": {
      "Obtain Cottonwood Sapling": "2020-12-05 01:45:25 +0100",
      "Completed Root": "2020-12-04 23:07:18 +0100"
    },
    "done": true
  },
  "twilightforest:alt/major_landmarks/naga_courtyard": {
    "criteria": {
      "discover": "2020-12-05 15:05:03 +0100"
    },
    "done": true
  },
  "twilightforest:alt/entities/bunny": {
    "criteria": {
      "slain_by": "2020-12-06 04:55:35 +0100",
      "summon": "2020-12-06 04:55:35 +0100",
      "tame": "2020-12-06 04:55:35 +0100",
      "slay": "2020-12-06 04:55:35 +0100",
      "hurt_by_indirect": "2020-12-06 04:55:35 +0100",
      "hurt": "2020-12-06 04:55:35 +0100"
    },
    "done": true
  },
  "prestige:prestige/space_time_equalizer": {
    "criteria": {
      "Acquire Space Time Equalizer": "2020-12-07 14:03:28 +0100"
    },
    "done": true
  },
  "tutorial:tutorial/copied/greenslimydirt": {
    "criteria": {
      "Obtain Green Slime Dirt": "2020-12-05 13:36:08 +0100"
    },
    "done": false
  },
  "sf4:age_exploration/cobaltore": {
    "criteria": {
      "Obtain Cobalt Ore": "2020-12-05 17:04:39 +0100",
      "Obtain Ice Cobalt Ore": "2020-12-05 17:04:39 +0100"
    },
    "done": true
  },
  "sf4:age1/sapling/slime": {
    "criteria": {
      "Completed Root": "2020-12-04 23:07:18 +0100",
      "Obtain Blue Slime Sapling": "2020-12-05 13:23:45 +0100"
    },
    "done": true
  },
  "sf4:age1/string": {
    "criteria": {
      "Obtain Cottonwood Sapling": "2020-12-05 01:46:29 +0100",
      "Completed Root": "2020-12-04 23:07:18 +0100",
      "Obtain String": "2020-12-05 01:46:29 +0100"
    },
    "done": true
  },
  "sf4:age_enhancement/stenciltable": {
    "criteria": {
      "Obtain Tinkers\u0027 Stencil Table": "2020-12-05 02:04:22 +0100"
    },
    "done": true
  },
  "compactmachines:test/7x7x7": {
    "criteria": {
      "Obtain Netherrack": "2020-12-05 13:33:48 +0100"
    },
    "done": false
  },
  "sf4:age_exploration/endcake": {
    "criteria": {
      "Obtain End Cake": "2020-12-06 06:08:29 +0100"
    },
    "done": true
  },
  "sf4:age_storage/complete_no_prestige": {
    "criteria": {
      "Completed Accepting Your True Power§r": "2020-12-06 16:27:29 +0100",
      "Prestige Mode Disabled": "2020-12-04 23:07:17 +0100",
      "Completed Under Pressure§r": "2020-12-06 16:15:05 +0100",
      "Completed Whopper!§r": "2020-12-05 12:26:55 +0100",
      "Completed Silicon Valley§r": "2020-12-06 16:05:28 +0100",
      "Completed That is Illogical§r": "2020-12-06 16:05:44 +0100",
      "Completed Wares the Remote?§r": "2020-12-05 19:24:41 +0100",
      "Completed Neeeeeeeeerrrrrrrd!§r": "2020-12-06 16:05:29 +0100",
      "Completed I Like Big Box and I Cannot Lie§r": "2020-12-05 19:08:35 +0100",
      "Completed Bay Bay You Can Drive My Car§r": "2020-12-06 16:15:05 +0100",
      "Completed CAT 5§r": "2020-12-05 17:25:38 +0100",
      "Completed Master Blaster§r": "2020-12-05 17:25:38 +0100",
      "Completed Live Long and Processor§r": "2020-12-06 16:05:29 +0100",
      "Completed I WANT IT NOW!§r": "2020-12-05 17:26:00 +0100",
      "Completed Wood You Hand Me That Crate Please?§r": "2020-12-05 16:34:15 +0100",
      "Completed Age of Storage§r": "2020-12-04 23:07:17 +0100",
      "Completed Hop to It§r": "2020-12-05 12:26:55 +0100",
      "Completed ɹǝddoH§r": "2020-12-05 18:51:57 +0100",
      "Completed What Woodent You Store?§r": "2020-12-05 16:36:28 +0100"
    },
    "done": false
  },
  "sf4:age1/sapling/petrified": {
    "criteria": {
      "Completed Root": "2020-12-04 23:07:18 +0100",
      "Obtain Petrified Sapling": "2020-12-04 23:29:24 +0100"
    },
    "done": true
  },
  "sf4:age_power/overworldianmatter": {
    "criteria": {
      "Obtain Overworldian Matter": "2020-12-06 05:28:08 +0100"
    },
    "done": true
  },
  "sf4:age1/sapling/tin": {
    "criteria": {
      "Completed Root": "2020-12-04 23:07:18 +0100",
      "Obtain Tin Sapling": "2020-12-05 01:57:44 +0100"
    },
    "done": true
  },
  "sf4:age_exploration/tritaniumore": {
    "criteria": {
      "Obtain Ice Tritanium Ore": "2020-12-05 15:24:47 +0100"
    },
    "done": true
  },
  "sf4:age_exploration/lostcities": {
    "criteria": {
      "Entered Lost Cities Dimension": "2020-12-06 05:56:15 +0100"
    },
    "done": true
  },
  "sf4:age1/wooden_crook": {
    "criteria": {
      "Completed Root": "2020-12-04 23:07:18 +0100",
      "Obtain Wooden Crook": "2020-12-04 23:14:09 +0100"
    },
    "done": true
  },
  "sf4:age_enhancement/nuclearcraftspeedupgrade": {
    "criteria": {
      "Obtain Nuclearcraft Speed Upgrade": "2020-12-06 01:25:41 +0100"
    },
    "done": true
  },
  "sf4:age_farming/bonsai": {
    "criteria": {
      "Obtain Bonsai Pot": "2020-12-05 12:27:06 +0100"
    },
    "done": true
  },
  "pacifist:pacifist_run/root": {
    "criteria": {
      "hasRock": "2020-12-04 23:07:18 +0100"
    },
    "done": false
  },
  "twilightforest:alt/treasures/foods/vension": {
    "criteria": {
      "cooked": "2020-12-05 15:09:57 +0100",
      "raw": "2020-12-05 15:09:57 +0100"
    },
    "done": true
  },
  "sf4:age_storage/complete": {
    "criteria": {
      "Completed Accepting Your True Power§r": "2020-12-06 16:27:29 +0100",
      "Completed Under Pressure§r": "2020-12-06 16:15:05 +0100",
      "Completed Whopper!§r": "2020-12-05 12:26:55 +0100",
      "Completed Silicon Valley§r": "2020-12-06 16:05:28 +0100",
      "Completed That is Illogical§r": "2020-12-06 16:05:44 +0100",
      "Completed Wares the Remote?§r": "2020-12-05 19:24:41 +0100",
      "Completed Neeeeeeeeerrrrrrrd!§r": "2020-12-06 16:05:29 +0100",
      "Completed I Like Big Box and I Cannot Lie§r": "2020-12-05 19:08:35 +0100",
      "Completed Bay Bay You Can Drive My Car§r": "2020-12-06 16:15:05 +0100",
      "Completed CAT 5§r": "2020-12-05 17:25:38 +0100",
      "Completed Master Blaster§r": "2020-12-05 17:25:38 +0100",
      "Completed Live Long and Processor§r": "2020-12-06 16:05:29 +0100",
      "Completed I WANT IT NOW!§r": "2020-12-05 17:26:00 +0100",
      "Completed Wood You Hand Me That Crate Please?§r": "2020-12-05 16:34:15 +0100",
      "Prestige Mode": "2020-12-07 14:21:32 +0100",
      "Completed Age of Storage§r": "2020-12-04 23:07:17 +0100",
      "Completed Hop to It§r": "2020-12-05 12:26:55 +0100",
      "Completed ɹǝddoH§r": "2020-12-05 18:51:57 +0100",
      "Completed What Woodent You Store?§r": "2020-12-05 16:36:28 +0100"
    },
    "done": false
  },
  "tutorial:tutorial/craftingstation": {
    "criteria": {
      "Obtain a Crafting Station": "2020-12-04 23:10:25 +0100"
    },
    "done": false
  },
  "tutorial:tutorial/copied/slimesapling": {
    "criteria": {
      "Obtain Blue Slime Sapling": "2020-12-05 17:55:03 +0100"
    },
    "done": false
  },
  "sf4:age_farming/wheatseeds": {
    "criteria": {
      "Obtain Wheat Seeds": "2020-12-05 02:54:33 +0100"
    },
    "done": true
  },
  "tutorial:tutorial/copied/gold": {
    "criteria": {
      "Obtain Gold Amber": "2020-12-05 02:44:13 +0100"
    },
    "done": false
  },
  "sf4:age_power/autopackager": {
    "criteria": {
      "Obtain Auto Packager": "2020-12-06 13:29:23 +0100"
    },
    "done": true
  },
  "tutorial:tutorial/copied/petrifiedsapling": {
    "criteria": {
      "Obtain Petrified Sapling": "2020-12-04 23:29:24 +0100"
    },
    "done": false
  },
  "sf4:age_storage/energyacceptor": {
    "criteria": {
      "Obtain Energy Acceptor": "2020-12-06 16:27:29 +0100"
    },
    "done": true
  },
  "twilightforest:alt/entities/lich": {
    "criteria": {
      "slain_by": "2020-12-05 15:49:30 +0100",
      "summon": "2020-12-05 15:49:30 +0100",
      "tame": "2020-12-05 15:49:30 +0100",
      "slay": "2020-12-05 15:49:30 +0100",
      "hurt_by_indirect": "2020-12-05 15:49:30 +0100",
      "hurt": "2020-12-05 15:49:30 +0100"
    },
    "done": true
  },
  "sf4:age_exploration/huntingdimension": {
    "criteria": {
      "Entered Hunting Dimension": "2020-12-05 18:20:59 +0100"
    },
    "done": true
  },
  "sf4:age_allthethingsomglol/nuclearcraftenergyupgrade": {
    "criteria": {
      "Obtain Nuclearcraft Energy Upgrade": "2020-12-06 01:29:44 +0100"
    },
    "done": true
  },
  "sf4:age_exploration/magnesiumore": {
    "criteria": {
      "Obtain Magnesium Ore": "2020-12-05 18:47:46 +0100"
    },
    "done": true
  },
  "sf4:age_storage/upper": {
    "criteria": {
      "Obtain Upper": "2020-12-05 18:51:57 +0100"
    },
    "done": true
  },
  "tutorial:tutorial/copied/watercollection": {
    "criteria": {
      "Right Click Cauldron with Water Inside": "2020-12-05 02:00:29 +0100",
      "Right Click Boiling Cauldron with Water Inside": "2020-12-05 01:16:41 +0100"
    },
    "done": false
  },
  "sf4:age1/completenoprestige": {
    "criteria": {
      "Completed OinkTree§r": "2020-12-05 14:17:34 +0100",
      "Completed Tin Man§r": "2020-12-05 01:34:05 +0100",
      "Completed Air Fryer§r": "2020-12-04 23:14:24 +0100",
      "Completed Silver Spoon§r": "2020-12-05 12:48:17 +0100",
      "Prestige Mode Disabled": "2020-12-04 23:07:17 +0100",
      "Completed That\u0027s Dir-tree§r": "2020-12-04 23:08:12 +0100",
      "Completed You Cotton Be Kidding Me§r": "2020-12-05 01:45:25 +0100",
      "Completed Sticky Keys§r": "2020-12-04 23:16:49 +0100",
      "Completed Stone Crook§r": "2020-12-05 00:09:13 +0100",
      "Completed Water You Waiting For?§r": "2020-12-05 00:04:41 +0100",
      "Completed Silver Surfer§r": "2020-12-05 12:40:36 +0100",
      "Completed Break a Leg§r": "2020-12-05 01:31:52 +0100",
      "Completed This Tree is Forever§r": "2020-12-05 12:52:32 +0100",
      "Completed Blue Man Group§r": "2020-12-05 02:13:05 +0100",
      "Completed I Love Lucy§r": "2020-12-04 23:15:26 +0100",
      "Completed Hotbois§r": "2020-12-05 00:05:10 +0100",
      "Completed Palm Trees§r": "2020-12-04 23:47:22 +0100",
      "Completed Root": "2020-12-04 23:07:18 +0100",
      "Completed It\u0027s Tin This Pack§r": "2020-12-05 01:57:44 +0100",
      "Completed Nap Time§r": "2020-12-05 01:52:34 +0100",
      "Completed D\u0027OH!§r": "2020-12-05 13:42:22 +0100",
      "Completed Captain Hook§r": "2020-12-04 23:14:09 +0100",
      "Completed Trees to Diamonds§r": "2020-12-05 13:08:09 +0100",
      "Completed Cobble Cobble§r": "2020-12-05 01:15:33 +0100",
      "Completed Not a Helmet§r": "2020-12-05 01:05:57 +0100",
      "Completed Study in the Dark Arts§r": "2020-12-05 01:17:13 +0100",
      "Completed It\u0027s Electric§r": "2020-12-05 02:50:59 +0100",
      "Completed Dirty Dancing§r": "2020-12-04 23:25:14 +0100",
      "Completed Amber is the Color of my Dinosaur§r": "2020-12-05 00:29:39 +0100",
      "Completed SkyFactory 4§r": "2020-12-04 23:07:18 +0100",
      "Completed Don\u0027t Sieve on Me§r": "2020-12-04 23:44:20 +0100",
      "Completed Hog Tied§r": "2020-12-05 01:06:08 +0100",
      "Completed Lead Zeppelin§r": "2020-12-05 02:42:11 +0100",
      "Completed Lead it Go§r": "2020-12-05 02:41:06 +0100",
      "Completed Bubble, Bubble§r": "2020-12-04 23:37:59 +0100",
      "Completed One Shiny Boi§r": "2020-12-05 02:43:56 +0100",
      "Completed Money Grows on Trees§r": "2020-12-05 02:56:54 +0100",
      "Completed Slop in the Bucket§r": "2020-12-04 23:36:18 +0100",
      "Completed You Cotton Something?§r": "2020-12-05 01:46:29 +0100",
      "Completed On the Rocks§r": "2020-12-04 23:51:39 +0100",
      "Completed Starting from the Bottom§r": "2020-12-04 23:08:59 +0100",
      "Completed COALateral Damage§r": "2020-12-05 00:22:24 +0100",
      "Completed Oh, the Irony§r": "2020-12-05 00:41:13 +0100",
      "Completed Ironwood§r": "2020-12-05 02:09:12 +0100",
      "Completed Hardwood§r": "2020-12-04 23:29:24 +0100",
      "Completed Sixteen Tons§r": "2020-12-05 00:18:16 +0100",
      "Completed Eating Dirt§r": "2020-12-05 00:28:13 +0100",
      "Completed Stop Slabbing Yourself§r": "2020-12-05 01:02:14 +0100",
      "Completed Clay Aiken§r": "2020-12-04 23:30:08 +0100",
      "Completed I\u0027ve Been Slimed§r": "2020-12-05 13:35:46 +0100",
      "Completed I Don\u0027t Know§r": "2020-12-05 13:23:45 +0100"
    },
    "done": true
  },
  "prestige:prestige/energy_cube": {
    "criteria": {
      "Acquire Advanced Energy Cube": "2020-12-07 14:03:28 +0100"
    },
    "done": true
  },
  "sf4:age_farming/root": {
    "criteria": {
      "killedByEntity": "2020-12-04 23:40:55 +0100",
      "enterDimension": "2020-12-04 23:40:55 +0100",
      "killEntity": "2020-12-04 23:40:55 +0100",
      "location": "2020-12-04 23:40:55 +0100",
      "breakBlock": "2020-12-04 23:40:55 +0100",
      "craftItem": "2020-12-04 23:40:55 +0100",
      "inventoryChange": "2020-12-04 23:07:17 +0100"
    },
    "done": true
  },
  "sf4:age_power/root": {
    "criteria": {
      "killedByEntity": "2020-12-05 20:19:55 +0100",
      "enterDimension": "2020-12-05 20:19:55 +0100",
      "killEntity": "2020-12-05 20:19:55 +0100",
      "location": "2020-12-05 20:19:55 +0100",
      "breakBlock": "2020-12-05 20:19:55 +0100",
      "inventoryChange": "2020-12-04 23:07:17 +0100",
      "craftItem": "2020-12-05 20:19:55 +0100"
    },
    "done": true
  },
  "sf4:age_exploration/completenoprestige": {
    "criteria": {
      "Completed Age of Exploration§r": "2020-12-04 23:07:17 +0100",
      "Completed No Cake Like Home§r": "2020-12-05 14:41:53 +0100",
      "Completed Nether Here Nor There§r": "2020-12-05 16:40:58 +0100",
      "Prestige Mode Disabled": "2020-12-04 23:07:17 +0100",
      "Completed Lost and Found§r": "2020-12-06 05:56:15 +0100",
      "Completed Light up Your Night§r": "2020-12-05 18:47:46 +0100",
      "Completed B\u0027Aiken a C\u0027Aiken§r": "2020-12-06 06:08:29 +0100",
      "Completed You\u0027re Tritanium to Bring Me Down§r": "2020-12-05 15:24:47 +0100",
      "Completed Enter the Twilight§r": "2020-12-05 14:57:45 +0100",
      "Completed Smells Like Nirvana§r": "2020-12-05 18:44:12 +0100",
      "Completed Even Scotty Doesn\u0027t Know§r": "2020-12-05 15:26:47 +0100",
      "Completed Uranium Fever§r": "2020-12-05 15:11:41 +0100",
      "Completed Let the Hunt Begin§r": "2020-12-05 18:20:59 +0100"
    },
    "done": false
  },
  "sf4:age_enhancement/yoyo": {
    "criteria": {
      "Obtain Yoyo": "2020-12-06 16:36:36 +0100"
    },
    "done": true
  },
  "tutorial:tutorial/copied/claysapling": {
    "criteria": {
      "Obtain a Clay Sapling": "2020-12-04 23:30:08 +0100"
    },
    "done": false
  },
  "tutorial:tutorial/copied/obsidian": {
    "criteria": {
      "Obtain Obsidian": "2020-12-05 01:17:13 +0100"
    },
    "done": false
  },
  "twilightforest:alt/entities/squirrel": {
    "criteria": {
      "slain_by": "2020-12-05 15:28:58 +0100",
      "summon": "2020-12-05 15:28:58 +0100",
      "tame": "2020-12-05 15:28:58 +0100",
      "slay": "2020-12-05 15:28:58 +0100",
      "hurt_by_indirect": "2020-12-05 15:28:58 +0100",
      "hurt": "2020-12-05 15:28:58 +0100"
    },
    "done": true
  },
  "twilightforest:alt/root": {
    "criteria": {
      "hidden": "2020-12-05 02:04:18 +0100"
    },
    "done": true
  },
  "sf4:age_enhancement/patternchest": {
    "criteria": {
      "Obtain Pattern Chest": "2020-12-05 02:04:29 +0100"
    },
    "done": true
  },
  "sf4:age1/sleep": {
    "criteria": {
      "Completed Root": "2020-12-04 23:07:18 +0100",
      "Right Click on Bed": "2020-12-05 01:52:34 +0100"
    },
    "done": true
  },
  "sf4:age1/sapling/lead": {
    "criteria": {
      "Completed Root": "2020-12-04 23:07:18 +0100",
      "Obtain Lead Sapling": "2020-12-05 02:42:11 +0100"
    },
    "done": true
  },
  "sf4:age_exploration/lostcitiesworld": {
    "criteria": {
      "Entered Lost Cities Dimension": "2020-12-06 05:56:14 +0100"
    },
    "done": true
  },
  "sf4:age1/sapling/diamond": {
    "criteria": {
      "Completed Root": "2020-12-04 23:07:18 +0100",
      "Obtain Diamond Sapling": "2020-12-05 12:52:32 +0100"
    },
    "done": true
  },
  "sf4:age1/watersource": {
    "criteria": {
      "Completed SkyFactory 4§r": "2020-12-04 23:07:18 +0100",
      "Completed Root": "2020-12-04 23:07:18 +0100"
    },
    "done": false
  },
  "sf4:age_farming/animalseeds": {
    "criteria": {
      "Cow Seed": "2020-12-05 03:04:28 +0100",
      "Zombie Seed": "2020-12-06 05:00:23 +0100",
      "Wither Skeleton Seed": "2020-12-06 01:34:53 +0100",
      "Chicken Seed": "2020-12-05 13:53:46 +0100"
    },
    "done": false
  },
  "compactmachines:test/7x7x72": {
    "criteria": {
      "Obtain Eye of Ender": "2020-12-05 21:52:31 +0100"
    },
    "done": false
  },
  "sf4:age_enhancement/partbuilder": {
    "criteria": {
      "Obtain Tinkers\u0027 Part Builder": "2020-12-05 02:04:22 +0100"
    },
    "done": true
  },
  "sf4:age1/sapling/gravel": {
    "criteria": {
      "Completed Root": "2020-12-04 23:07:18 +0100",
      "Obtain Gravel Sapling": "2020-12-04 23:44:20 +0100"
    },
    "done": true
  },
  "sf4:age1/lava": {
    "criteria": {
      "Completed Root": "2020-12-04 23:07:18 +0100",
      "Obtain Lava Clay Bucket": "2020-12-05 00:05:10 +0100",
      "Obtain Lava Iron Bucket": "2020-12-05 00:05:10 +0100"
    },
    "done": true
  },
  "pacifist:pacifist_run/lose": {
    "criteria": {
      "killed poor innocent creature": "2020-12-05 00:53:27 +0100"
    },
    "done": false
  },
  "sf4:age1/root": {
    "criteria": {
      "non_tutorial_start": "2020-12-04 23:07:18 +0100"
    },
    "done": true
  },
  "twilightforest:alt/biomes/firefly_forest": {
    "criteria": {
      "discover": "2020-12-05 14:57:45 +0100"
    },
    "done": true
  },
  "sf4:age1/sapling/silver": {
    "criteria": {
      "Completed Root": "2020-12-04 23:07:18 +0100",
      "Obtain Silver Sapling": "2020-12-05 12:48:17 +0100"
    },
    "done": true
  },
  "sf4:age_storage/calculationpress": {
    "criteria": {
      "Obtain Calculation Press": "2020-12-06 16:05:29 +0100"
    },
    "done": true
  },
  "sf4:age1/amber/tin": {
    "criteria": {
      "Completed Root": "2020-12-04 23:07:18 +0100",
      "Obtain Tin Amber": "2020-12-05 01:34:05 +0100"
    },
    "done": true
  },
  "twilightforest:alt/major_landmarks/hollow_hills": {
    "criteria": {
      "0": "2020-12-05 14:59:00 +0100",
      "1": "2020-12-05 14:59:00 +0100",
      "2": "2020-12-05 14:59:00 +0100"
    },
    "done": true
  },
  "twilightforest:alt/entities/kobold": {
    "criteria": {
      "slain_by": "2020-12-05 15:09:16 +0100",
      "summon": "2020-12-05 15:09:16 +0100",
      "tame": "2020-12-05 15:09:16 +0100",
      "slay": "2020-12-05 15:09:16 +0100",
      "hurt_by_indirect": "2020-12-05 15:09:16 +0100",
      "hurt": "2020-12-05 15:09:16 +0100"
    },
    "done": true
  },
  "twilightforest:twilight_dinner": {
    "criteria": {
      "raw_venison": "2020-12-06 17:16:00 +0100"
    },
    "done": false
  },
  "sf4:age1/iron_ingot": {
    "criteria": {
      "Completed Root": "2020-12-04 23:07:18 +0100",
      "Obtain Iron Ingot": "2020-12-05 00:41:13 +0100"
    },
    "done": true
  },
  "twilightforest:alt/entities/wild_boar": {
    "criteria": {
      "slain_by": "2020-12-05 15:10:02 +0100",
      "summon": "2020-12-05 15:10:02 +0100",
      "tame": "2020-12-05 15:10:02 +0100",
      "slay": "2020-12-05 15:10:02 +0100",
      "hurt_by_indirect": "2020-12-05 15:10:02 +0100",
      "hurt": "2020-12-05 15:10:02 +0100"
    },
    "done": true
  },
  "twilightforest:alt/major_landmarks/lich_tower": {
    "criteria": {
      "discover": "2020-12-05 15:41:13 +0100"
    },
    "done": true
  },
  "twilightforest:alt/entities/arthopods": {
    "criteria": {
      "0": "2020-12-05 15:01:17 +0100",
      "1": "2020-12-05 15:01:17 +0100",
      "2": "2020-12-05 15:01:17 +0100",
      "3": "2020-12-05 15:01:17 +0100",
      "4": "2020-12-05 15:01:17 +0100",
      "5": "2020-12-05 15:01:17 +0100",
      "6": "2020-12-05 15:01:17 +0100",
      "7": "2020-12-05 15:01:17 +0100",
      "8": "2020-12-05 15:01:17 +0100"
    },
    "done": true
  },
  "tutorial:tutorial/copied/gravelsapling": {
    "criteria": {
      "Obtain Gravel Sapling": "2020-12-04 23:44:20 +0100"
    },
    "done": false
  },
  "twilightforest:alt/entities/deer": {
    "criteria": {
      "slain_by": "2020-12-05 15:09:51 +0100",
      "summon": "2020-12-05 15:09:51 +0100",
      "tame": "2020-12-05 15:09:51 +0100",
      "slay": "2020-12-05 15:09:51 +0100",
      "hurt_by_indirect": "2020-12-05 15:09:51 +0100",
      "hurt": "2020-12-05 15:09:51 +0100"
    },
    "done": true
  },
  "twilightforest:alt/treasures/steeleaf_armor_set": {
    "criteria": {
      "ingredient": "2020-12-05 15:23:02 +0100",
      "chestplate": "2020-12-05 15:23:02 +0100",
      "helmet": "2020-12-05 15:23:02 +0100",
      "boots": "2020-12-05 15:23:02 +0100",
      "leggings": "2020-12-05 15:23:02 +0100"
    },
    "done": true
  },
  "sf4:age_farming/magicbeans": {
    "criteria": {
      "Obtain Sprout Seeds": "2020-12-05 17:11:26 +0100"
    },
    "done": true
  },
  "sf4:age1/amber/silver": {
    "criteria": {
      "Completed Root": "2020-12-04 23:07:18 +0100",
      "Obtain Silver Amber": "2020-12-05 12:40:36 +0100"
    },
    "done": true
  },
  "sf4:age_storage/engineeringpress": {
    "criteria": {
      "Obtain Engineering Press": "2020-12-06 16:15:05 +0100"
    },
    "done": true
  },
  "sf4:age_enhancement/heartcontainer": {
    "criteria": {
      "Eat Cyclic Heart Container": "2020-12-05 17:11:00 +0100"
    },
    "done": true
  },
  "sf4:age_storage/logicprocessor": {
    "criteria": {
      "Obtain Logic Processor": "2020-12-06 16:05:29 +0100"
    },
    "done": true
  },
  "sf4:age_exploration/dilithiumore": {
    "criteria": {
      "Obtain Dilithium Crystals": "2020-12-05 15:26:47 +0100"
    },
    "done": true
  },
  "sf4:age_power/deeplearner": {
    "criteria": {
      "Obtain Deep Learner": "2020-12-06 05:07:42 +0100"
    },
    "done": true
  },
  "twilightforest:alt/treasures/foods/any": {
    "criteria": {
      "0": "2020-12-05 15:09:57 +0100",
      "1": "2020-12-05 15:09:57 +0100",
      "2": "2020-12-05 15:09:57 +0100",
      "3": "2020-12-05 15:09:57 +0100",
      "4": "2020-12-05 15:09:57 +0100",
      "5": "2020-12-05 15:09:57 +0100"
    },
    "done": true
  },
  "sf4:age1/amber/gold": {
    "criteria": {
      "Completed Root": "2020-12-04 23:07:18 +0100",
      "Obtain Gold Amber": "2020-12-05 02:43:56 +0100"
    },
    "done": true
  },
  "twilightforest:alt/treasures/armors": {
    "criteria": {
      "0": "2020-12-05 15:06:25 +0100",
      "1": "2020-12-05 15:06:25 +0100",
      "2": "2020-12-05 15:06:25 +0100",
      "3": "2020-12-05 15:06:25 +0100",
      "4": "2020-12-05 15:06:25 +0100",
      "6": "2020-12-05 15:06:25 +0100",
      "7": "2020-12-05 15:06:25 +0100"
    },
    "done": true
  },
  "tutorial:tutorial/copied/cauldron": {
    "criteria": {
      "Obtain a Cauldron": "2020-12-05 13:23:19 +0100"
    },
    "done": false
  },
  "sf4:age_farming/skyorchards": {
    "criteria": {
      "Obtain Dirt Sapling": "2020-12-04 23:08:12 +0100",
      "Obtain Lead Sapling": "2020-12-05 02:42:11 +0100",
      "Obtain Silver Sapling": "2020-12-05 12:58:51 +0100",
      "Obtain Coal Sapling": "2020-12-05 00:18:16 +0100",
      "Obtain Netherrack Sapling": "2020-12-05 13:34:30 +0100",
      "Obtain Diamond Sapling": "2020-12-05 13:06:37 +0100",
      "Obtain Copper Sapling": "2020-12-06 00:22:48 +0100",
      "Obtain Cottonwood Sapling": "2020-12-05 01:53:47 +0100",
      "Obtain Lapis Sapling": "2020-12-05 02:13:05 +0100",
      "Obtain Bacon Sapling": "2020-12-06 16:37:31 +0100",
      "Obtain Donut Sapling": "2020-12-06 16:16:23 +0100",
      "Obtain Emerald Sapling": "2020-12-05 20:11:40 +0100",
      "Obtain Petrified Sapling": "2020-12-04 23:29:24 +0100",
      "Obtain Tin Sapling": "2020-12-05 02:00:35 +0100",
      "Obtain Nickel Sapling": "2020-12-05 20:04:19 +0100",
      "Obtain Iron Sapling": "2020-12-05 02:13:07 +0100",
      "Obtain Sand Sapling": "2020-12-04 23:47:57 +0100",
      "Obtain Gold Sapling": "2020-12-05 02:57:45 +0100",
      "Obtain Redstone Sapling": "2020-12-05 12:31:23 +0100",
      "Obtain Clay Sapling": "2020-12-04 23:30:08 +0100",
      "Obtain Gravel Sapling": "2020-12-04 23:44:20 +0100",
      "Obtain Bone Sapling": "2020-12-05 01:49:23 +0100",
      "Obtain Cobalt Sapling": "2020-12-05 17:57:18 +0100"
    },
    "done": false
  },
  "sf4:age_exploration/skygriddragonkill": {
    "criteria": {
      "Completed Age of Exploration§r": "2020-12-04 23:07:17 +0100"
    },
    "done": false
  },
  "twilightforest:progress_labyrinth": {
    "criteria": {
      "kill_lich": "2020-12-05 15:52:19 +0100"
    },
    "done": false
  },
  "compactmachines:test/11x11x11": {
    "criteria": {
      "Obtain Nether Star": "2020-12-06 15:10:34 +0100"
    },
    "done": false
  },
  "tutorial:tutorial/copied/coalsapling": {
    "criteria": {
      "Obtain Coal Sapling": "2020-12-05 00:18:16 +0100"
    },
    "done": false
  },
  "sf4:age1/sapling/sand": {
    "criteria": {
      "Completed Root": "2020-12-04 23:07:18 +0100",
      "Obtain Sand Sapling": "2020-12-04 23:47:22 +0100"
    },
    "done": true
  },
  "sf4:age_enhancement/armorstation": {
    "criteria": {
      "Obtain Armor Station": "2020-12-05 14:22:57 +0100"
    },
    "done": true
  },
  "sf4:age_enhancement/enchantmenttable": {
    "criteria": {
      "Obtain Enchantment Table": "2020-12-05 19:53:22 +0100"
    },
    "done": true
  },
  "sf4:age_enhancement/complete": {
    "criteria": {
      "Completed Paxel Rose§r": "2020-12-05 14:25:39 +0100",
      "Completed Overworked and Underpaid§r": "2020-12-06 01:25:41 +0100",
      "Completed Yo-Yo Ma§r": "2020-12-06 16:36:36 +0100",
      "Completed Up in Arms§r": "2020-12-05 14:22:57 +0100",
      "Completed Tim the Tool Man Taylor§r": "2020-12-05 02:04:22 +0100",
      "Completed Pattern Me, Sir§r": "2020-12-05 02:04:29 +0100",
      "Completed Forging Ahead§r": "2020-12-05 20:16:44 +0100",
      "Completed Keep It Between the Lines§r": "2020-12-05 02:04:22 +0100",
      "Prestige Mode": "2020-12-07 14:21:32 +0100",
      "Completed Weirdly Mesmerizing§r": "2020-12-05 21:52:38 +0100",
      "Completed Suit Up§r": "2020-12-05 20:11:59 +0100",
      "Completed Rolling into the Station§r": "2020-12-05 02:04:36 +0100",
      "Completed It\u0027s Over 20!§r": "2020-12-06 15:59:41 +0100",
      "Completed Age of Enhancement§r": "2020-12-04 23:07:17 +0100",
      "Completed Edible Arrangements§r": "2020-12-05 21:58:29 +0100",
      "Completed Ore\u0027nt You Glad I Didn\u0027t Say Banana§r": "2020-12-05 01:33:03 +0100",
      "Completed An Enchanting Evening§r": "2020-12-05 19:53:23 +0100",
      "Completed Eat Your Heart Out§r": "2020-12-05 17:11:00 +0100",
      "Completed Storage Wars§r": "2020-12-05 17:09:20 +0100"
    },
    "done": false
  },
  "sf4:age_exploration/lithiumore": {
    "criteria": {
      "Obtain Lithium Ore": "2020-12-05 18:44:12 +0100"
    },
    "done": true
  },
  "twilightforest:alt/treasures/steeleaf_tool_set": {
    "criteria": {
      "sword": "2020-12-05 15:23:02 +0100",
      "ingredient": "2020-12-05 15:23:02 +0100",
      "pickaxe": "2020-12-05 15:23:02 +0100",
      "shovel": "2020-12-05 15:23:02 +0100",
      "axe": "2020-12-05 15:23:02 +0100",
      "hoe": "2020-12-05 15:23:02 +0100"
    },
    "done": true
  },
  "tutorial:tutorial/copied/claybucket": {
    "criteria": {
      "Obtain Unfired Clay Bucket": "2020-12-04 23:36:34 +0100",
      "Obtain Clay Bucket": "2020-12-05 00:08:15 +0100"
    },
    "done": false
  },
  "sf4:age_power/simplegenerator": {
    "criteria": {
      "Obtain Simple Turbine Generator": "2020-12-05 20:26:41 +0100",
      "Obtain Simple Geothermal Generator": "2020-12-05 20:26:41 +0100",
      "Obtain Simple Ender Generator": "2020-12-05 20:26:41 +0100",
      "Obtain Simple Combustion Generator": "2020-12-05 20:26:41 +0100",
      "Obtain Simple Culinary Generator": "2020-12-05 20:26:41 +0100",
      "Obtain Simple Fluid Combustion Generator": "2020-12-05 20:26:41 +0100",
      "Obtain Simple Soul Generator": "2020-12-05 20:26:41 +0100",
      "Obtain Simple Nether Generator": "2020-12-05 20:26:41 +0100"
    },
    "done": true
  },
  "twilightforest:alt/entities/lich_zombies": {
    "criteria": {
      "slain_by": "2020-12-05 15:51:45 +0100",
      "summon": "2020-12-05 15:51:45 +0100",
      "hurt_alt": "2020-12-05 15:51:45 +0100",
      "tame": "2020-12-05 15:51:45 +0100",
      "slain_by_alt": "2020-12-05 15:51:45 +0100",
      "slay": "2020-12-05 15:51:45 +0100",
      "summon_alt": "2020-12-05 15:51:45 +0100",
      "hurt_by_indirect": "2020-12-05 15:51:45 +0100",
      "hurt": "2020-12-05 15:51:45 +0100",
      "hurt_by_indirect_alt": "2020-12-05 15:51:45 +0100",
      "slay_alt": "2020-12-05 15:51:45 +0100",
      "tame_alt": "2020-12-05 15:51:45 +0100"
    },
    "done": true
  },
  "sf4:age1/sapling/iron": {
    "criteria": {
      "Completed Root": "2020-12-04 23:07:18 +0100",
      "Obtain Iron Sapling": "2020-12-05 02:09:12 +0100"
    },
    "done": true
  },
  "sf4:age1/stone_crook": {
    "criteria": {
      "Completed Root": "2020-12-04 23:07:18 +0100",
      "Obtain Stone Crook": "2020-12-05 00:09:13 +0100"
    },
    "done": true
  },
  "sf4:age_power/simulationchamber": {
    "criteria": {
      "Obtain Simulation Chamber": "2020-12-06 01:53:02 +0100"
    },
    "done": true
  },
  "sf4:age_enhancement/paxel": {
    "criteria": {
      "Obtain Pickle Tweaks Platinum Paxel": "2020-12-05 14:25:39 +0100",
      "Obtain Pickle Tweaks Stone Paxel": "2020-12-05 14:25:39 +0100",
      "Obtain Pickle Tweaks Diamond Paxel": "2020-12-05 14:25:39 +0100",
      "Obtain Mystical Agradditions Inferium Paxel": "2020-12-05 14:25:39 +0100",
      "Obtain Mystical Agradditions Supremium Paxel": "2020-12-05 14:25:39 +0100",
      "Obtain Pickle Tweaks Electrum Paxel": "2020-12-05 14:25:39 +0100",
      "Obtain Pickle Tweaks Silver Paxel": "2020-12-05 14:25:39 +0100",
      "Obtain Pickle Tweaks Golden Paxel": "2020-12-05 14:25:39 +0100",
      "Obtain Mystical Agradditions Intermedium Paxel": "2020-12-05 14:25:39 +0100",
      "Obtain Pickle Tweaks Iron Paxel": "2020-12-05 14:25:39 +0100",
      "Obtain Pickle Tweaks Copper Paxel": "2020-12-05 14:25:39 +0100",
      "Obtain Pickle Tweaks Nickel Paxel": "2020-12-05 14:25:39 +0100",
      "Obtain Pickle Tweaks Wooden Paxel": "2020-12-05 14:25:39 +0100",
      "Obtain Mystical Agradditions Prudentium Paxel": "2020-12-05 14:25:39 +0100",
      "Obtain Pickle Tweaks Steel Paxel": "2020-12-05 14:25:39 +0100",
      "Obtain Pickle Tweaks Tin Paxel": "2020-12-05 14:25:39 +0100",
      "Obtain Pickle Tweaks Aluminum Paxel": "2020-12-05 14:25:39 +0100",
      "Obtain Mystical Agradditions Superium Paxel": "2020-12-05 14:25:39 +0100",
      "Obtain Pickle Tweaks Lead Paxel": "2020-12-05 14:25:39 +0100",
      "Obtain Pickle Tweaks Bronze Paxel": "2020-12-05 14:25:39 +0100",
      "Obtain Pickle Tweaks Invar Paxel": "2020-12-05 14:25:39 +0100"
    },
    "done": true
  },
  "sf4:age1/sapling/bone": {
    "criteria": {
      "Completed Root": "2020-12-04 23:07:18 +0100",
      "Obtain Bone Sapling": "2020-12-05 01:31:52 +0100"
    },
    "done": true
  },
  "pacifist:pacifist_run/peaceful": {
    "criteria": {
      "brokeLeaves": "2020-12-04 23:07:41 +0100",
      "brokeLog": "2020-12-04 23:09:14 +0100"
    },
    "done": false
  },
  "sf4:age1/water": {
    "criteria": {
      "Completed Root": "2020-12-04 23:07:18 +0100",
      "Obtain Water in an Iron Bucket": "2020-12-05 00:04:41 +0100",
      "Obtain Water in a Clay Bucket": "2020-12-05 00:04:41 +0100"
    },
    "done": true
  },
  "sf4:age_farming/sugarcanesnad": {
    "criteria": {
      "Placed Snad": "2020-12-05 12:45:22 +0100"
    },
    "done": true
  },
  "twilightforest:progress_yeti": {
    "criteria": {
      "previous_progression": "2020-12-05 15:52:19 +0100"
    },
    "done": false
  },
  "sf4:age_storage/simplestoragemaster": {
    "criteria": {
      "Obtain Network Master Block": "2020-12-05 17:25:38 +0100"
    },
    "done": true
  },
  "tutorial:tutorial/copied/diamond": {
    "criteria": {
      "Obtain Diamond": "2020-12-05 13:08:09 +0100"
    },
    "done": false
  },
  "sf4:age_power/complete": {
    "criteria": {
      "Completed Generator, I Hardly Know Her§r": "2020-12-05 20:26:41 +0100",
      "Completed Clicker Hero§r": "2020-12-05 20:19:55 +0100",
      "Completed The Study Guide§r": "2020-12-06 05:07:42 +0100",
      "Completed Package Control§r": "2020-12-06 13:29:23 +0100",
      "Completed Extraction, Extraction, Read All About It!§r": "2020-12-06 01:54:04 +0100",
      "Completed Need iiii Speed§r": "2020-12-06 05:19:43 +0100",
      "Completed Tesla was Right!§r": "2020-12-06 16:23:09 +0100",
      "Completed Age of Power§r": "2020-12-04 23:07:17 +0100",
      "Prestige Mode": "2020-12-07 14:21:32 +0100",
      "Completed Down the Rabbit Hole§r": "2020-12-06 01:53:02 +0100",
      "Completed Dead Cells§r": "2020-12-06 05:28:11 +0100",
      "Completed What\u0027s the Matter with Overworldians?§r": "2020-12-06 05:28:08 +0100",
      "Completed Level Up!§r": "2020-12-06 01:45:08 +0100",
      "Completed Bring Me to Life§r": "2020-12-06 01:55:40 +0100"
    },
    "done": false
  },
  "sf4:age_allthethingsomglol/16384kstoragecell": {
    "criteria": {
      "Obtain 16384k Storage Cell": "2020-12-06 16:14:03 +0100"
    },
    "done": true
  },
  "sf4:age_enhancement/inventoryupgrade": {
    "criteria": {
      "Eat Cyclic Inventory Upgrade": "2020-12-05 17:09:20 +0100"
    },
    "done": true
  },
  "sf4:age_power/pristinezombiematter": {
    "criteria": {
      "Obtain Pristine Zombie Matter": "2020-12-06 05:28:11 +0100"
    },
    "done": true
  },
  "hardcore:hardcore/survive": {
    "criteria": {
      "Get killed": "2020-12-05 15:21:23 +0100"
    },
    "done": false
  },
  "twilightforest:alt/treasures/tools": {
    "criteria": {
      "0": "2020-12-05 15:23:02 +0100",
      "1": "2020-12-05 15:23:02 +0100",
      "2": "2020-12-05 15:23:02 +0100",
      "3": "2020-12-05 15:23:02 +0100",
      "4": "2020-12-05 15:23:02 +0100",
      "5": "2020-12-05 15:23:02 +0100",
      "6": "2020-12-05 15:23:02 +0100",
      "7": "2020-12-05 15:23:02 +0100"
    },
    "done": true
  },
  "compactmachines:test/5x5x52": {
    "criteria": {
      "Craft Simple Soul Generator": "2020-12-06 01:43:33 +0100",
      "Craft Simple Nether Generator": "2020-12-06 06:13:59 +0100",
      "Craft Simple Combustion Generator": "2020-12-06 05:10:07 +0100",
      "Craft Simple Geothermal Generator": "2020-12-05 20:26:41 +0100"
    },
    "done": false
  },
  "sf4:age1/amber/iron": {
    "criteria": {
      "Completed Root": "2020-12-04 23:07:18 +0100",
      "Obtain Iron Amber": "2020-12-05 00:29:39 +0100"
    },
    "done": true
  },
  "twilightforest:hill1": {
    "criteria": {
      "redcap": "2020-12-05 15:11:17 +0100",
      "boggard": "2020-12-05 15:11:17 +0100"
    },
    "done": true
  },
  "sf4:age_power/autoclicker": {
    "criteria": {
      "Obtain Auto Clicker": "2020-12-05 20:19:55 +0100"
    },
    "done": true
  },
  "twilightforest:progress_lich": {
    "criteria": {
      "lifedrain_scepter": "2020-12-05 15:52:19 +0100",
      "twilight_scepter": "2020-12-05 15:52:19 +0100",
      "shield_scepter": "2020-12-05 15:52:19 +0100",
      "kill_lich": "2020-12-05 15:52:19 +0100",
      "trophy": "2020-12-05 15:52:19 +0100",
      "zombie_scepter": "2020-12-05 15:52:19 +0100",
      "kill_naga": "2020-12-05 15:06:24 +0100"
    },
    "done": true
  },
  "prestige:prestige/clock": {
    "criteria": {
      "Acquire Clock": "2020-12-07 14:03:28 +0100"
    },
    "done": true
  },
  "sf4:age_storage/woodenhopper": {
    "criteria": {
      "Obtain Wooden Hopper": "2020-12-05 12:26:55 +0100"
    },
    "done": true
  },
  "tutorial:tutorial/placeoak": {
    "criteria": {
      "Placed Oak Wood Slab": "2020-12-04 23:23:45 +0100",
      "Placed Oak Planks": "2020-12-05 12:45:39 +0100"
    },
    "done": false
  },
  "sf4:age_power/speedmodifier": {
    "criteria": {
      "Obtain Speed Modifier": "2020-12-06 05:19:43 +0100"
    },
    "done": true
  },
  "sf4:age_allthethingsomglol/octuplecompressedsugarcane": {
    "criteria": {
      "Obtain Octuple Compressed Sugar Cane": "2020-12-06 15:05:18 +0100"
    },
    "done": true
  },
  "sf4:age_farming/complete_no_prestige": {
    "criteria": {
      "Completed Cowabonsai!§r": "2020-12-05 12:27:09 +0100",
      "Prestige Mode Disabled": "2020-12-04 23:07:17 +0100",
      "Completed Citizen Cane§r": "2020-12-04 23:40:55 +0100",
      "Completed Sick Sprinkler§r": "2020-12-06 03:58:11 +0100",
      "Completed Shredded Wheat§r": "2020-12-05 02:54:33 +0100",
      "Completed Yes We Can!§r": "2020-12-05 12:19:24 +0100",
      "Completed Fertile Soil§r": "2020-12-05 13:03:31 +0100",
      "Completed This Little Piggy§r": "2020-12-05 02:53:57 +0100",
      "Completed Sugar Daddy§r": "2020-12-05 12:45:22 +0100",
      "Completed Bonsai!!!§r": "2020-12-05 12:27:06 +0100",
      "Completed TuMULCHuous§r": "2020-12-05 13:03:31 +0100",
      "Completed Age of Farming§r": "2020-12-04 23:07:17 +0100",
      "Completed Beanboozled§r": "2020-12-05 17:11:26 +0100"
    },
    "done": false
  },
  "sf4:age_allthethingsomglol/pristinematter": {
    "criteria": {
      "Pristine Zombie Matter": "2020-12-06 05:28:11 +0100"
    },
    "done": false
  },
  "sf4:age_allthethingsomglol/root": {
    "criteria": {
      "killedByEntity": "2020-12-06 05:21:06 +0100",
      "enterDimension": "2020-12-06 05:21:06 +0100",
      "killEntity": "2020-12-06 05:21:06 +0100",
      "location": "2020-12-06 05:21:06 +0100",
      "breakBlock": "2020-12-06 05:21:06 +0100",
      "inventoryChange": "2020-12-04 23:07:17 +0100",
      "craftItem": "2020-12-06 05:21:06 +0100"
    },
    "done": true
  }
}