{
  "groups:9": {
    "0:10": {
      "name:8": "Tier 0",
      "weight:3": 1,
      "ID:3": 0,
      "rewards:9": {
        "0:10": {
          "weight:3": 1,
          "ID:3": 0,
          "items:9": {
            "0:10": {
              "id:8": "skyresources:heavyexplosivesnowball",
              "Count:3": 16,
              "OreDict:8": "",
              "Damage:3": 0
            }
          }
        },
        "1:10": {
          "weight:3": 1,
          "ID:3": 1,
          "items:9": {
            "0:10": {
              "id:8": "skyresources:alchemyitemcomponent",
              "Count:3": 16,
              "OreDict:8": "",
              "Damage:3": 1
            }
          }
        },
        "2:10": {
          "weight:3": 1,
          "ID:3": 2,
          "items:9": {
            "0:10": {
              "id:8": "skyresources:fleshysnownugget",
              "Count:3": 8,
              "OreDict:8": "",
              "Damage:3": 0
            }
          }
        },
        "3:10": {
          "weight:3": 1,
          "ID:3": 3,
          "items:9": {
            "0:10": {
              "id:8": "skyresources:cactusfruit",
              "Count:3": 8,
              "OreDict:8": "",
              "Damage:3": 0
            }
          }
        },
        "4:10": {
          "weight:3": 1,
          "ID:3": 4,
          "items:9": {
            "0:10": {
              "id:8": "sc:compresseddiamondknife",
              "Count:3": 1,
              "tag:10": {},
              "OreDict:8": "",
              "Damage:3": 0
            }
          }
        },
        "5:10": {
          "weight:3": 1,
          "ID:3": 5,
          "items:9": {
            "0:10": {
              "id:8": "integrateddynamics:menril_torch",
              "Count:3": 8,
              "OreDict:8": "",
              "Damage:3": 0
            }
          }
        },
        "6:10": {
          "weight:3": 1,
          "ID:3": 6,
          "items:9": {
            "0:10": {
              "id:8": "chisel:futura",
              "Count:3": 1,
              "tag:10": {
                "RepairCost:3": 0,
                "display:10": {
                  "Name:8": "ME Controller"
                }
              },
              "OreDict:8": "",
              "Damage:3": 2
            }
          }
        },
        "7:10": {
          "weight:3": 1,
          "ID:3": 7,
          "items:9": {
            "0:10": {
              "id:8": "chisel:voidstone",
              "Count:3": 32,
              "OreDict:8": "",
              "Damage:3": 0
            }
          }
        },
        "8:10": {
          "weight:3": 1,
          "ID:3": 8,
          "items:9": {
            "0:10": {
              "id:8": "chisel:waterstone",
              "Count:3": 32,
              "OreDict:8": "",
              "Damage:3": 0
            }
          }
        },
        "9:10": {
          "weight:3": 1,
          "ID:3": 9,
          "items:9": {
            "0:10": {
              "id:8": "ceramics:clay_hard",
              "Count:3": 32,
              "OreDict:8": "",
              "Damage:3": 4
            }
          }
        },
        "10:10": {
          "weight:3": 1,
          "ID:3": 10,
          "items:9": {
            "0:10": {
              "id:8": "ceramics:clay_hard",
              "Count:3": 32,
              "OreDict:8": "",
              "Damage:3": 5
            }
          }
        },
        "11:10": {
          "weight:3": 1,
          "ID:3": 11,
          "items:9": {
            "0:10": {
              "id:8": "ceramics:clay_hard",
              "Count:3": 32,
              "OreDict:8": "",
              "Damage:3": 6
            }
          }
        },
        "12:10": {
          "weight:3": 1,
          "ID:3": 12,
          "items:9": {
            "0:10": {
              "id:8": "xreliquary:mob_ingredient",
              "Count:3": 16,
              "OreDict:8": "",
              "Damage:3": 3
            },
            "1:10": {
              "id:8": "xreliquary:mob_ingredient",
              "Count:3": 16,
              "OreDict:8": "",
              "Damage:3": 6
            },
            "2:10": {
              "id:8": "xreliquary:mob_ingredient",
              "Count:3": 16,
              "OreDict:8": "",
              "Damage:3": 0
            }
          }
        },
        "13:10": {
          "weight:3": 1,
          "ID:3": 13,
          "items:9": {
            "0:10": {
              "id:8": "xreliquary:mob_ingredient",
              "Count:3": 8,
              "OreDict:8": "",
              "Damage:3": 11
            }
          }
        },
        "14:10": {
          "weight:3": 1,
          "ID:3": 14,
          "items:9": {
            "0:10": {
              "id:8": "actuallyadditions:item_water_bowl",
              "Count:3": 1,
              "tag:10": {
                "lastY:3": 114,
                "lastX:3": -3
              },
              "OreDict:8": "",
              "Damage:3": 0
            }
          }
        },
        "15:10": {
          "weight:3": 1,
          "ID:3": 15,
          "items:9": {
            "0:10": {
              "id:8": "tconstruct:deco_ground",
              "Count:3": 32,
              "OreDict:8": "",
              "Damage:3": 0
            }
          }
        },
        "16:10": {
          "weight:3": 1,
          "ID:3": 16,
          "items:9": {
            "0:10": {
              "id:8": "tconstruct:dried_clay",
              "Count:3": 32,
              "OreDict:8": "",
              "Damage:3": 1
            }
          }
        },
        "17:10": {
          "weight:3": 1,
          "ID:3": 17,
          "items:9": {
            "0:10": {
              "id:8": "tconstruct:piggybackpack",
              "Count:3": 1,
              "OreDict:8": "",
              "Damage:3": 0
            }
          }
        },
        "18:10": {
          "weight:3": 1,
          "ID:3": 18,
          "items:9": {
            "0:10": {
              "id:8": "tconstruct:throwball",
              "Count:3": 16,
              "OreDict:8": "",
              "Damage:3": 0
            }
          }
        },
        "19:10": {
          "weight:3": 1,
          "ID:3": 19,
          "items:9": {
            "0:10": {
              "id:8": "tconstruct:slimesling",
              "Count:3": 1,
              "OreDict:8": "",
              "Damage:3": 0
            },
            "1:10": {
              "id:8": "tconstruct:slime_boots",
              "Count:3": 1,
              "OreDict:8": "",
              "Damage:3": 0
            }
          }
        },
        "20:10": {
          "weight:3": 1,
          "ID:3": 20,
          "items:9": {
            "0:10": {
              "id:8": "akashictome:tome",
              "Count:3": 1,
              "tag:10": {
                "akashictome:data:10": {
                  "industrialforegoing:10": {
                    "id:8": "industrialforegoing:book_manual",
                    "Count:1": 0,
                    "tag:10": {
                      "akashictome:definedMod:8": "industrialforegoing"
                    },
                    "Damage:2": 0
                  },
                  "rftoolscontrol:10": {
                    "id:8": "rftoolscontrol:rftoolscontrol_manual",
                    "Count:1": 0,
                    "tag:10": {
                      "akashictome:definedMod:8": "rftoolscontrol"
                    },
                    "Damage:2": 0
                  },
                  "evilcraft:10": {
                    "id:8": "evilcraft:origins_of_darkness",
                    "Count:1": 0,
                    "tag:10": {
                      "akashictome:definedMod:8": "evilcraft"
                    },
                    "Damage:2": 0
                  },
                  "tconstruct:10": {
                    "id:8": "tconstruct:book",
                    "Count:1": 0,
                    "tag:10": {
                      "akashictome:definedMod:8": "tconstruct"
                    },
                    "Damage:2": 0
                  },
                  "buildcraftlib:10": {
                    "id:8": "buildcraftlib:guide",
                    "Count:1": 0,
                    "tag:10": {
                      "akashictome:definedMod:8": "buildcraftlib"
                    },
                    "Damage:2": 0
                  },
                  "astralsorcery:10": {
                    "id:8": "astralsorcery:itemjournal",
                    "Count:1": 0,
                    "tag:10": {
                      "akashictome:definedMod:8": "astralsorcery"
                    },
                    "Damage:2": 0
                  },
                  "immersiveengineering:10": {
                    "id:8": "immersiveengineering:tool",
                    "Count:1": 0,
                    "tag:10": {
                      "akashictome:definedMod:8": "immersiveengineering"
                    },
                    "Damage:2": 3
                  },
                  "embers:10": {
                    "id:8": "embers:codex",
                    "Count:1": 0,
                    "tag:10": {
                      "akashictome:definedMod:8": "embers"
                    },
                    "Damage:2": 0
                  },
                  "rftools:10": {
                    "id:8": "rftools:rftools_manual",
                    "Count:1": 0,
                    "tag:10": {
                      "akashictome:definedMod:8": "rftools"
                    },
                    "Damage:2": 0
                  },
                  "factorytech:10": {
                    "id:8": "factorytech:handbook",
                    "Count:1": 0,
                    "tag:10": {
                      "akashictome:definedMod:8": "factorytech"
                    },
                    "Damage:2": 0
                  },
                  "rftools1:10": {
                    "id:8": "rftools:rftools_shape_manual",
                    "Count:1": 0,
                    "tag:10": {
                      "akashictome:definedMod:8": "rftools1"
                    },
                    "Damage:2": 0
                  },
                  "rftools2:10": {
                    "id:8": "rftoolsdim:rftoolsdim_manual",
                    "Count:1": 0,
                    "tag:10": {
                      "akashictome:definedMod:8": "rftools2"
                    },
                    "Damage:2": 0
                  },
                  "botania:10": {
                    "id:8": "botania:lexicon",
                    "Count:1": 0,
                    "tag:10": {
                      "akashictome:definedMod:8": "botania"
                    },
                    "Damage:2": 0
                  },
                  "silentgems:10": {
                    "id:8": "silentgems:guide_book",
                    "Count:1": 0,
                    "tag:10": {
                      "akashictome:definedMod:8": "silentgems"
                    },
                    "Damage:2": 0
                  },
                  "extrautils2:10": {
                    "id:8": "extrautils2:book",
                    "Count:1": 0,
                    "tag:10": {
                      "akashictome:definedMod:8": "extrautils2"
                    },
                    "Damage:2": 0
                  },
                  "actuallyadditions:10": {
                    "id:8": "actuallyadditions:item_booklet",
                    "Count:1": 0,
                    "tag:10": {
                      "akashictome:definedMod:8": "actuallyadditions"
                    },
                    "Damage:2": 0
                  },
                  "opencomputers:10": {
                    "id:8": "opencomputers:tool",
                    "Count:1": 0,
                    "tag:10": {
                      "akashictome:definedMod:8": "opencomputers"
                    },
                    "Damage:2": 4
                  },
                  "integrateddynamics:10": {
                    "id:8": "integrateddynamics:on_the_dynamics_of_integration",
                    "Count:1": 0,
                    "tag:10": {
                      "akashictome:definedMod:8": "integrateddynamics"
                    },
                    "Damage:2": 0
                  },
                  "yoyos:10": {
                    "id:8": "yoyos:book",
                    "Count:1": 0,
                    "tag:10": {
                      "akashictome:definedMod:8": "yoyos"
                    },
                    "Damage:2": 0
                  },
                  "xnet:10": {
                    "id:8": "xnet:xnet_manual",
                    "Count:1": 0,
                    "tag:10": {
                      "akashictome:definedMod:8": "xnet"
                    },
                    "Damage:2": 0
                  },
                  "magneticraft:10": {
                    "id:8": "magneticraft:guide_book",
                    "Count:1": 0,
                    "tag:10": {
                      "akashictome:definedMod:8": "magneticraft"
                    },
                    "Damage:2": 0
                  }
                }
              },
              "OreDict:8": "",
              "Damage:3": 0
            }
          }
        },
        "21:10": {
          "weight:3": 1,
          "ID:3": 21,
          "items:9": {
            "0:10": {
              "id:8": "silentgems:food",
              "Count:3": 1,
              "OreDict:8": "",
              "Damage:3": 2
            }
          }
        },
        "22:10": {
          "weight:3": 1,
          "ID:3": 22,
          "items:9": {
            "0:10": {
              "id:8": "harvestcraft:zombiejerkyitem",
              "Count:3": 1,
              "OreDict:8": "",
              "Damage:3": 0
            },
            "1:10": {
              "id:8": "harvestcraft:beefjerkyitem",
              "Count:3": 1,
              "OreDict:8": "",
              "Damage:3": 0
            },
            "2:10": {
              "id:8": "tconstruct:edible",
              "Count:3": 1,
              "OreDict:8": "",
              "Damage:3": 10
            },
            "3:10": {
              "id:8": "tconstruct:edible",
              "Count:3": 1,
              "OreDict:8": "",
              "Damage:3": 11
            },
            "4:10": {
              "id:8": "tconstruct:edible",
              "Count:3": 1,
              "OreDict:8": "",
              "Damage:3": 12
            },
            "5:10": {
              "id:8": "tconstruct:edible",
              "Count:3": 1,
              "OreDict:8": "",
              "Damage:3": 13
            },
            "6:10": {
              "id:8": "tconstruct:edible",
              "Count:3": 1,
              "OreDict:8": "",
              "Damage:3": 14
            },
            "7:10": {
              "id:8": "tconstruct:edible",
              "Count:3": 1,
              "OreDict:8": "",
              "Damage:3": 15
            },
            "8:10": {
              "id:8": "tconstruct:edible",
              "Count:3": 1,
              "OreDict:8": "",
              "Damage:3": 20
            },
            "9:10": {
              "id:8": "tconstruct:edible",
              "Count:3": 1,
              "OreDict:8": "",
              "Damage:3": 21
            },
            "10:10": {
              "id:8": "tconstruct:edible",
              "Count:3": 1,
              "OreDict:8": "",
              "Damage:3": 22
            },
            "11:10": {
              "id:8": "tconstruct:edible",
              "Count:3": 1,
              "OreDict:8": "",
              "Damage:3": 23
            }
          }
        },
        "23:10": {
          "weight:3": 1,
          "ID:3": 23,
          "items:9": {
            "0:10": {
              "id:8": "ichunutil:compact_porkchop",
              "Count:3": 1,
              "OreDict:8": "",
              "Damage:3": 0
            }
          }
        },
        "24:10": {
          "weight:3": 1,
          "ID:3": 24,
          "items:9": {
            "0:10": {
              "id:8": "randomthings:luminousblock",
              "Count:3": 20,
              "tag:10": {
                "RepairCost:3": 0,
                "display:10": {
                  "Name:8": "Green Screen"
                }
              },
              "OreDict:8": "",
              "Damage:3": 5
            }
          }
        },
        "25:10": {
          "weight:3": 1,
          "ID:3": 25,
          "items:9": {
            "0:10": {
              "id:8": "randomthings:blockofsticks",
              "Count:3": 24,
              "OreDict:8": "",
              "Damage:3": 1
            }
          }
        },
        "26:10": {
          "weight:3": 1,
          "ID:3": 26,
          "items:9": {
            "0:10": {
              "id:8": "bibliocraft:lanterngold",
              "Count:3": 1,
              "OreDict:8": "",
              "Damage:3": 14
            }
          }
        },
        "27:10": {
          "weight:3": 1,
          "ID:3": 27,
          "items:9": {
            "0:10": {
              "id:8": "rftoolsdim:fake_water",
              "Count:3": 4,
              "OreDict:8": "",
              "Damage:3": 0
            }
          }
        },
        "28:10": {
          "weight:3": 1,
          "ID:3": 28,
          "items:9": {
            "0:10": {
              "id:8": "extrautils2:opinium",
              "Count:3": 1,
              "OreDict:8": "",
              "Damage:3": 0
            }
          }
        },
        "29:10": {
          "weight:3": 1,
          "ID:3": 29,
          "items:9": {
            "0:10": {
              "id:8": "chiselsandbits:chiseled_iron",
              "Count:3": 1,
              "tag:10": {
                "side:3": 3,
                "RepairCost:3": 0,
                "BlockEntityTag:10": {
                  "b:3": 57,
                  "side:1": 0,
                  "s:3": 38,
                  "nc:1": 0,
                  "X:7": [
                    120,
                    -38,
                    99,
                    96,
                    98,
                    -80,
                    100,
                    104,
                    96,
                    -7,
                    79,
                    0,
                    52,
                    48,
                    -32,
                    -122,
                    -8,
                    101,
                    71,
                    -27,
                    -121,
                    -126,
                    60,
                    0,
                    55,
                    -66,
                    -81,
                    2
                  ],
                  "lv:3": 0
                },
                "display:10": {
                  "Name:8": "Block of Diamond"
                }
              },
              "OreDict:8": "",
              "Damage:3": 0
            }
          }
        },
        "30:10": {
          "weight:3": 1,
          "ID:3": 30,
          "items:9": {
            "0:10": {
              "id:8": "openblocks:flag",
              "Count:3": 1,
              "OreDict:8": "",
              "Damage:3": 5
            }
          }
        },
        "31:10": {
          "weight:3": 1,
          "ID:3": 31,
          "items:9": {
            "0:10": {
              "id:8": "randomthings:positionfilter",
              "Count:3": 1,
              "OreDict:8": "",
              "Damage:3": 0
            },
            "1:10": {
              "id:8": "randomthings:entityfilter",
              "Count:3": 1,
              "OreDict:8": "",
              "Damage:3": 0
            },
            "2:10": {
              "id:8": "randomthings:itemfilter",
              "Count:3": 1,
              "OreDict:8": "",
              "Damage:3": 0
            }
          }
        }
      }
    },
    "1:10": {
      "name:8": "Tier 1",
      "weight:3": 2,
      "ID:3": 1,
      "rewards:9": {
        "0:10": {
          "weight:3": 1,
          "ID:3": 0,
          "items:9": {
            "0:10": {
              "id:8": "tconstruct:punji",
              "Count:3": 12,
              "OreDict:8": "",
              "Damage:3": 0
            }
          }
        },
        "1:10": {
          "weight:3": 1,
          "ID:3": 1,
          "items:9": {
            "0:10": {
              "id:8": "botania:cosmetic",
              "Count:3": 1,
              "OreDict:8": "",
              "Damage:3": 19
            },
            "1:10": {
              "id:8": "botania:cosmetic",
              "Count:3": 1,
              "OreDict:8": "",
              "Damage:3": 13
            }
          }
        },
        "2:10": {
          "weight:3": 1,
          "ID:3": 2,
          "items:9": {
            "0:10": {
              "id:8": "botania:cosmetic",
              "Count:3": 1,
              "OreDict:8": "",
              "Damage:3": 25
            },
            "1:10": {
              "id:8": "harvestcraft:theatreboxitem",
              "Count:3": 1,
              "OreDict:8": "",
              "Damage:3": 0
            }
          }
        },
        "3:10": {
          "weight:3": 1,
          "ID:3": 3,
          "items:9": {
            "0:10": {
              "id:8": "openblocks:serious_glasses",
              "Count:3": 1,
              "OreDict:8": "",
              "Damage:3": 0
            }
          }
        },
        "4:10": {
          "weight:3": 1,
          "ID:3": 4,
          "items:9": {
            "0:10": {
              "id:8": "openblocks:pencil_glasses",
              "Count:3": 1,
              "OreDict:8": "",
              "Damage:3": 0
            },
            "1:10": {
              "id:8": "openblocks:imaginary",
              "Count:3": 1,
              "tag:10": {
                "Uses:5": 10.0,
                "Mode:3": 0
              },
              "OreDict:8": "",
              "Damage:3": 0
            }
          }
        },
        "5:10": {
          "weight:3": 1,
          "ID:3": 5,
          "items:9": {
            "0:10": {
              "id:8": "quark:pirate_hat",
              "Count:3": 1,
              "OreDict:8": "",
              "Damage:3": 0
            },
            "1:10": {
              "id:8": "botania:cosmetic",
              "Count:3": 1,
              "OreDict:8": "",
              "Damage:3": 5
            }
          }
        },
        "6:10": {
          "weight:3": 1,
          "ID:3": 6,
          "items:9": {
            "0:10": {
              "id:8": "bibliocraft:biblioglasses",
              "Count:3": 1,
              "OreDict:8": "",
              "Damage:3": 2
            },
            "1:10": {
              "id:8": "botania:cosmetic",
              "Count:3": 1,
              "OreDict:8": "",
              "Damage:3": 0
            }
          }
        },
        "7:10": {
          "weight:3": 1,
          "ID:3": 7,
          "items:9": {
            "0:10": {
              "id:8": "mekanism:glowpanel",
              "Count:3": 4,
              "OreDict:8": "",
              "Damage:3": 10
            }
          }
        },
        "8:10": {
          "weight:3": 1,
          "ID:3": 8,
          "items:9": {
            "0:10": {
              "id:8": "megaloot:weaponcase_common",
              "Count:3": 1,
              "OreDict:8": "",
              "Damage:3": 0
            }
          }
        },
        "9:10": {
          "weight:3": 1,
          "ID:3": 9,
          "items:9": {
            "0:10": {
              "id:8": "thermalexpansion:morb",
              "Count:3": 1,
              "tag:10": {
                "Generic:1": 0,
                "id:8": "minecraft:skeleton_horse"
              },
              "OreDict:8": "",
              "Damage:3": 0
            },
            "1:10": {
              "id:8": "thermalexpansion:morb",
              "Count:3": 1,
              "tag:10": {
                "Generic:1": 0,
                "id:8": "minecraft:zombie_horse"
              },
              "OreDict:8": "",
              "Damage:3": 0
            }
          }
        },
        "10:10": {
          "weight:3": 1,
          "ID:3": 10,
          "items:9": {
            "0:10": {
              "id:8": "randomthings:pitcherplant",
              "Count:3": 1,
              "OreDict:8": "",
              "Damage:3": 0
            }
          }
        },
        "11:10": {
          "weight:3": 1,
          "ID:3": 11,
          "items:9": {
            "0:10": {
              "id:8": "betterbuilderswands:wanddiamond",
              "Count:3": 1,
              "OreDict:8": "",
              "Damage:3": 0
            }
          }
        },
        "12:10": {
          "weight:3": 1,
          "ID:3": 12,
          "items:9": {
            "0:10": {
              "id:8": "randomthings:runedust",
              "Count:3": 16,
              "OreDict:8": "",
              "Damage:3": 2
            }
          }
        },
        "13:10": {
          "weight:3": 1,
          "ID:3": 13,
          "items:9": {
            "0:10": {
              "id:8": "tconstruct:slime_channel",
              "Count:3": 16,
              "OreDict:8": "",
              "Damage:3": 0
            }
          }
        },
        "14:10": {
          "weight:3": 1,
          "ID:3": 14,
          "items:9": {
            "0:10": {
              "id:8": "randomthings:plate_bouncy",
              "Count:3": 8,
              "OreDict:8": "",
              "Damage:3": 0
            }
          }
        },
        "15:10": {
          "weight:3": 1,
          "ID:3": 15,
          "items:9": {
            "0:10": {
              "id:8": "torchmaster:mega_torch",
              "Count:3": 1,
              "OreDict:8": "",
              "Damage:3": 0
            }
          }
        },
        "16:10": {
          "weight:3": 1,
          "ID:3": 16,
          "items:9": {
            "0:10": {
              "id:8": "colossalchests:upgrade_tool",
              "Count:3": 1,
              "OreDict:8": "",
              "Damage:3": 0
            }
          }
        },
        "17:10": {
          "weight:3": 1,
          "ID:3": 17,
          "items:9": {
            "0:10": {
              "id:8": "storagedrawers:upgrade_storage",
              "Count:3": 4,
              "OreDict:8": "",
              "Damage:3": 4
            }
          }
        },
        "18:10": {
          "weight:3": 1,
          "ID:3": 18,
          "items:9": {
            "0:10": {
              "id:8": "xreliquary:lantern_of_paranoia",
              "Count:3": 1,
              "OreDict:8": "",
              "Damage:3": 0
            }
          }
        },
        "19:10": {
          "weight:3": 1,
          "ID:3": 19,
          "items:9": {
            "0:10": {
              "id:8": "silentgems:craftingmaterial",
              "Count:3": 1,
              "OreDict:8": "",
              "Damage:3": 15
            }
          }
        },
        "20:10": {
          "weight:3": 1,
          "ID:3": 20,
          "items:9": {
            "0:10": {
              "id:8": "mysticalagriculture:xp_droplet",
              "Count:3": 32,
              "OreDict:8": "",
              "Damage:3": 0
            }
          }
        },
        "21:10": {
          "weight:3": 1,
          "ID:3": 21,
          "items:9": {
            "0:10": {
              "id:8": "evilcraft:spikey_claws",
              "Count:3": 1,
              "tag:10": {},
              "OreDict:8": "",
              "Damage:3": 0
            }
          }
        },
        "22:10": {
          "weight:3": 1,
          "ID:3": 22,
          "items:9": {
            "0:10": {
              "id:8": "astralsorcery:itemusabledust",
              "Count:3": 16,
              "OreDict:8": "",
              "Damage:3": 1
            }
          }
        },
        "23:10": {
          "weight:3": 1,
          "ID:3": 23,
          "items:9": {
            "0:10": {
              "id:8": "extrautils2:opinium",
              "Count:3": 1,
              "OreDict:8": "",
              "Damage:3": 1
            }
          }
        },
        "24:10": {
          "weight:3": 1,
          "ID:3": 24,
          "items:9": {
            "0:10": {
              "id:8": "quark:rune",
              "Count:3": 1,
              "OreDict:8": "",
              "Damage:3": 16
            }
          }
        },
        "25:10": {
          "weight:3": 1,
          "ID:3": 25,
          "items:9": {
            "0:10": {
              "id:8": "quark:leaf_carpet",
              "Count:3": 12,
              "OreDict:8": "",
              "Damage:3": 0
            },
            "1:10": {
              "id:8": "quark:leaf_carpet",
              "Count:3": 12,
              "OreDict:8": "",
              "Damage:3": 1
            },
            "2:10": {
              "id:8": "quark:leaf_carpet",
              "Count:3": 12,
              "OreDict:8": "",
              "Damage:3": 2
            },
            "3:10": {
              "id:8": "quark:leaf_carpet",
              "Count:3": 12,
              "OreDict:8": "",
              "Damage:3": 3
            },
            "4:10": {
              "id:8": "quark:leaf_carpet",
              "Count:3": 12,
              "OreDict:8": "",
              "Damage:3": 4
            },
            "5:10": {
              "id:8": "quark:leaf_carpet",
              "Count:3": 12,
              "OreDict:8": "",
              "Damage:3": 5
            }
          }
        },
        "26:10": {
          "weight:3": 1,
          "ID:3": 26,
          "items:9": {
            "0:10": {
              "id:8": "quark:arrow_ender",
              "Count:3": 32,
              "OreDict:8": "",
              "Damage:3": 0
            }
          }
        },
        "27:10": {
          "weight:3": 1,
          "ID:3": 27,
          "items:9": {
            "0:10": {
              "id:8": "botania:cosmetic",
              "Count:3": 1,
              "tag:10": {
                "playerHashcode:3": 2302
              },
              "OreDict:8": "",
              "Damage:3": 11
            },
            "1:10": {
              "id:8": "botania:cosmetic",
              "Count:3": 1,
              "tag:10": {
                "playerHashcode:3": 2302
              },
              "OreDict:8": "",
              "Damage:3": 3
            }
          }
        },
        "28:10": {
          "weight:3": 1,
          "ID:3": 28,
          "items:9": {
            "0:10": {
              "id:8": "randomthings:lapislamp",
              "Count:3": 1,
              "OreDict:8": "",
              "Damage:3": 0
            },
            "1:10": {
              "id:8": "randomthings:quartzlamp",
              "Count:3": 1,
              "OreDict:8": "",
              "Damage:3": 0
            }
          }
        },
        "29:10": {
          "weight:3": 1,
          "ID:3": 29,
          "items:9": {
            "0:10": {
              "id:8": "darkutils:filter",
              "Count:3": 1,
              "OreDict:8": "",
              "Damage:3": 4
            },
            "1:10": {
              "id:8": "darkutils:filter",
              "Count:3": 1,
              "OreDict:8": "",
              "Damage:3": 3
            },
            "2:10": {
              "id:8": "darkutils:filter",
              "Count:3": 1,
              "OreDict:8": "",
              "Damage:3": 5
            }
          }
        }
      }
    },
    "2:10": {
      "name:8": "Tier 2",
      "weight:3": 3,
      "ID:3": 2,
      "rewards:9": {
        "0:10": {
          "weight:3": 1,
          "ID:3": 0,
          "items:9": {
            "0:10": {
              "id:8": "megaloot:weaponcase_rare",
              "Count:3": 1,
              "OreDict:8": "",
              "Damage:3": 0
            }
          }
        },
        "1:10": {
          "weight:3": 1,
          "ID:3": 1,
          "items:9": {
            "0:10": {
              "id:8": "botania:blacklotus",
              "Count:3": 1,
              "OreDict:8": "",
              "Damage:3": 1
            }
          }
        },
        "2:10": {
          "weight:3": 1,
          "ID:3": 2,
          "items:9": {
            "0:10": {
              "id:8": "botania:incensestick",
              "Count:3": 1,
              "tag:10": {
                "brewKey:8": "bloodthirst"
              },
              "OreDict:8": "",
              "Damage:3": 0
            }
          }
        },
        "3:10": {
          "weight:3": 1,
          "ID:3": 3,
          "items:9": {
            "0:10": {
              "id:8": "lootbags:itemlootbag",
              "Count:3": 1,
              "OreDict:8": "",
              "Damage:3": 11
            }
          }
        },
        "4:10": {
          "weight:3": 1,
          "ID:3": 4,
          "items:9": {
            "0:10": {
              "id:8": "factorytech:hardhat",
              "Count:3": 1,
              "OreDict:8": "",
              "Damage:3": 0
            },
            "1:10": {
              "id:8": "factorytech:safetyvest",
              "Count:3": 1,
              "OreDict:8": "",
              "Damage:3": 0
            },
            "2:10": {
              "id:8": "factorytech:workpants",
              "Count:3": 1,
              "OreDict:8": "",
              "Damage:3": 0
            },
            "3:10": {
              "id:8": "factorytech:steeltoeboots",
              "Count:3": 1,
              "OreDict:8": "",
              "Damage:3": 0
            }
          }
        },
        "5:10": {
          "weight:3": 1,
          "ID:3": 5,
          "items:9": {
            "0:10": {
              "id:8": "factorytech:machinepart",
              "Count:3": 1,
              "OreDict:8": "",
              "Damage:3": 21
            },
            "1:10": {
              "id:8": "factorytech:machinepart",
              "Count:3": 1,
              "OreDict:8": "",
              "Damage:3": 61
            }
          }
        },
        "6:10": {
          "weight:3": 1,
          "ID:3": 6,
          "items:9": {
            "0:10": {
              "id:8": "factorytech:pressuregun",
              "Count:3": 1,
              "tag:10": {
                "tank:3": -1
              },
              "OreDict:8": "",
              "Damage:3": 0
            }
          }
        },
        "7:10": {
          "weight:3": 1,
          "ID:3": 7,
          "items:9": {
            "0:10": {
              "id:8": "botania:specialflower",
              "Count:3": 1,
              "tag:10": {
                "type:8": "soarleander"
              },
              "OreDict:8": "",
              "Damage:3": 0
            }
          }
        },
        "8:10": {
          "weight:3": 1,
          "ID:3": 8,
          "items:9": {
            "0:10": {
              "id:8": "actuallyadditions:item_small_to_medium_crate_upgrade",
              "Count:3": 1,
              "OreDict:8": "",
              "Damage:3": 0
            }
          }
        },
        "9:10": {
          "weight:3": 1,
          "ID:3": 9,
          "items:9": {
            "0:10": {
              "id:8": "botania:recordgaia2",
              "Count:3": 1,
              "OreDict:8": "",
              "Damage:3": 0
            },
            "1:10": {
              "id:8": "botania:recordgaia1",
              "Count:3": 1,
              "OreDict:8": "",
              "Damage:3": 0
            }
          }
        },
        "10:10": {
          "weight:3": 1,
          "ID:3": 10,
          "items:9": {
            "0:10": {
              "id:8": "xreliquary:fertile_lilypad",
              "Count:3": 2,
              "OreDict:8": "",
              "Damage:3": 0
            }
          }
        },
        "11:10": {
          "weight:3": 1,
          "ID:3": 11,
          "items:9": {
            "0:10": {
              "id:8": "randomthings:beans",
              "Count:3": 1,
              "OreDict:8": "",
              "Damage:3": 2
            }
          }
        },
        "12:10": {
          "weight:3": 1,
          "ID:3": 12,
          "items:9": {
            "0:10": {
              "id:8": "extrautils2:opinium",
              "Count:3": 1,
              "OreDict:8": "",
              "Damage:3": 2
            }
          }
        },
        "13:10": {
          "weight:3": 1,
          "ID:3": 13,
          "items:9": {
            "0:10": {
              "id:8": "mekanism:balloon",
              "Count:3": 16,
              "OreDict:8": "",
              "Damage:3": 13
            }
          }
        }
      }
    },
    "3:10": {
      "name:8": "Tier 3",
      "weight:3": 4,
      "ID:3": 3,
      "rewards:9": {
        "0:10": {
          "weight:3": 1,
          "ID:3": 0,
          "items:9": {
            "0:10": {
              "id:8": "megaloot:weaponcase_epic",
              "Count:3": 1,
              "OreDict:8": "",
              "Damage:3": 0
            }
          }
        },
        "1:10": {
          "weight:3": 1,
          "ID:3": 1,
          "items:9": {
            "0:10": {
              "id:8": "silentgems:returnhomecharm",
              "Count:3": 1,
              "tag:10": {
                "ChaosCharge:3": 100000
              },
              "OreDict:8": "",
              "Damage:3": 43
            }
          }
        },
        "2:10": {
          "weight:3": 1,
          "ID:3": 2,
          "items:9": {
            "0:10": {
              "id:8": "darkutils:charm_gluttony",
              "Count:3": 1,
              "OreDict:8": "",
              "Damage:3": 0
            }
          }
        },
        "3:10": {
          "weight:3": 1,
          "ID:3": 3,
          "items:9": {
            "0:10": {
              "id:8": "immersiveengineering:faraday_suit_feet",
              "Count:3": 1,
              "OreDict:8": "",
              "Damage:3": 0
            },
            "1:10": {
              "id:8": "immersiveengineering:faraday_suit_legs",
              "Count:3": 1,
              "OreDict:8": "",
              "Damage:3": 0
            },
            "2:10": {
              "id:8": "immersiveengineering:faraday_suit_chest",
              "Count:3": 1,
              "OreDict:8": "",
              "Damage:3": 0
            },
            "3:10": {
              "id:8": "immersiveengineering:faraday_suit_head",
              "Count:3": 1,
              "OreDict:8": "",
              "Damage:3": 0
            }
          }
        },
        "4:10": {
          "weight:3": 1,
          "ID:3": 4,
          "items:9": {
            "0:10": {
              "id:8": "immersiveengineering:skyhook",
              "Count:3": 1,
              "OreDict:8": "",
              "Damage:3": 0
            }
          }
        },
        "5:10": {
          "weight:3": 1,
          "ID:3": 5,
          "items:9": {
            "0:10": {
              "id:8": "immersiveengineering:revolver",
              "Count:3": 1,
              "OreDict:8": "",
              "Damage:3": 0
            },
            "1:10": {
              "id:8": "immersiveengineering:bullet",
              "Count:3": 32,
              "tag:10": {
                "bullet:8": "terrasteel"
              },
              "OreDict:8": "",
              "Damage:3": 2
            }
          }
        },
        "6:10": {
          "weight:3": 1,
          "ID:3": 6,
          "items:9": {
            "0:10": {
              "id:8": "immersiveengineering:shield",
              "Count:3": 1,
              "OreDict:8": "",
              "Damage:3": 0
            }
          }
        },
        "7:10": {
          "weight:3": 1,
          "ID:3": 7,
          "items:9": {
            "0:10": {
              "id:8": "immersiveengineering:shield",
              "Count:3": 1,
              "OreDict:8": "",
              "Damage:3": 0
            }
          }
        },
        "8:10": {
          "weight:3": 1,
          "ID:3": 8,
          "items:9": {
            "0:10": {
              "id:8": "immersiveengineering:metal_decoration2",
              "Count:3": 16,
              "OreDict:8": "",
              "Damage:3": 5
            }
          }
        },
        "9:10": {
          "weight:3": 1,
          "ID:3": 9,
          "items:9": {
            "0:10": {
              "id:8": "mysticalagriculture:watering_can",
              "Count:3": 1,
              "OreDict:8": "",
              "Damage:3": 4
            }
          }
        },
        "10:10": {
          "weight:3": 1,
          "ID:3": 10,
          "items:9": {
            "0:10": {
              "id:8": "astralsorcery:itemcoloredlens",
              "Count:3": 1,
              "OreDict:8": "",
              "Damage:3": 0
            }
          }
        },
        "11:10": {
          "weight:3": 1,
          "ID:3": 11,
          "items:9": {
            "0:10": {
              "id:8": "extrautils2:opinium",
              "Count:3": 1,
              "OreDict:8": "",
              "Damage:3": 3
            }
          }
        }
      }
    },
    "4:10": {
      "name:8": "Tier 4",
      "weight:3": 5,
      "ID:3": 4,
      "rewards:9": {
        "0:10": {
          "weight:3": 1,
          "ID:3": 0,
          "items:9": {
            "0:10": {
              "id:8": "forestry:bee_chest",
              "Count:3": 1,
              "OreDict:8": "",
              "Damage:3": 0
            }
          }
        },
        "1:10": {
          "weight:3": 1,
          "ID:3": 1,
          "items:9": {
            "0:10": {
              "id:8": "techreborn:upgrades",
              "Count:3": 8,
              "OreDict:8": "",
              "Damage:3": 0
            }
          }
        },
        "2:10": {
          "weight:3": 1,
          "ID:3": 2,
          "items:9": {
            "0:10": {
              "id:8": "techreborn:upgrades",
              "Count:3": 8,
              "OreDict:8": "",
              "Damage:3": 2
            }
          }
        },
        "3:10": {
          "weight:3": 1,
          "ID:3": 3,
          "items:9": {
            "0:10": {
              "id:8": "gendustry:apiary.upgrade",
              "Count:3": 1,
              "OreDict:8": "",
              "Damage:3": 15
            }
          }
        },
        "4:10": {
          "weight:3": 1,
          "ID:3": 4,
          "items:9": {
            "0:10": {
              "id:8": "gendustry:gene_sample",
              "Count:3": 1,
              "tag:10": {
                "species:8": "rootBees",
                "chromosome:3": 1,
                "allele:8": "forestry.speedFastest"
              },
              "OreDict:8": "",
              "Damage:3": 0
            }
          }
        },
        "5:10": {
          "weight:3": 1,
          "ID:3": 5,
          "items:9": {
            "0:10": {
              "id:8": "gendustry:gene_sample",
              "Count:3": 1,
              "tag:10": {
                "species:8": "rootBees",
                "chromosome:3": 10,
                "allele:8": "forestry.floweringFastest"
              },
              "OreDict:8": "",
              "Damage:3": 0
            }
          }
        },
        "6:10": {
          "weight:3": 1,
          "ID:3": 6,
          "items:9": {
            "0:10": {
              "id:8": "pneumaticcraft:gun_ammo",
              "Count:3": 1,
              "OreDict:8": "",
              "Damage:3": 0
            },
            "1:10": {
              "id:8": "pneumaticcraft:minigun",
              "Count:3": 1,
              "tag:10": {
                "oldRotation:6": 0.0,
                "ammoColorStack:10": {
                  "id:8": "pneumaticcraft:gun_ammo",
                  "Count:1": 0,
                  "Damage:2": 0
                },
                "rotation:6": 0.0,
                "soundCounter:3": -1,
                "triggerTimeout:3": 0,
                "speed:6": 0.0,
                "activated:1": 0
              },
              "OreDict:8": "",
              "Damage:3": 30000
            }
          }
        },
        "7:10": {
          "weight:3": 1,
          "ID:3": 7,
          "items:9": {
            "0:10": {
              "id:8": "pneumaticcraft:speed_upgrade",
              "Count:3": 8,
              "OreDict:8": "",
              "Damage:3": 0
            }
          }
        },
        "8:10": {
          "weight:3": 1,
          "ID:3": 8,
          "items:9": {
            "0:10": {
              "id:8": "tinker_io:cd_lonesome_avenue",
              "Count:3": 1,
              "OreDict:8": "",
              "Damage:3": 0
            }
          }
        },
        "9:10": {
          "weight:3": 1,
          "ID:3": 9,
          "items:9": {
            "0:10": {
              "id:8": "forestry:fertilizer_compound",
              "Count:3": 64,
              "OreDict:8": "",
              "Damage:3": 0
            }
          }
        },
        "10:10": {
          "weight:3": 1,
          "ID:3": 10,
          "items:9": {
            "0:10": {
              "id:8": "extrautils2:opinium",
              "Count:3": 1,
              "OreDict:8": "",
              "Damage:3": 4
            }
          }
        },
        "11:10": {
          "weight:3": 1,
          "ID:3": 11,
          "items:9": {
            "0:10": {
              "id:8": "extrautils2:trashcan",
              "Count:3": 1,
              "OreDict:8": "",
              "Damage:3": 0
            },
            "1:10": {
              "id:8": "extrautils2:trashcanfluid",
              "Count:3": 1,
              "OreDict:8": "",
              "Damage:3": 0
            },
            "2:10": {
              "id:8": "extrautils2:trashcanenergy",
              "Count:3": 1,
              "OreDict:8": "",
              "Damage:3": 0
            }
          }
        },
        "12:10": {
          "weight:3": 1,
          "ID:3": 12,
          "items:9": {
            "0:10": {
              "id:8": "thermalexpansion:morb",
              "Count:3": 4,
              "tag:10": {
                "Generic:1": 1,
                "id:8": "randomthings:spirit"
              },
              "OreDict:8": "",
              "Damage:3": 0
            }
          }
        }
      }
    },
    "5:10": {
      "name:8": "Tier 5",
      "weight:3": 6,
      "ID:3": 5,
      "rewards:9": {
        "0:10": {
          "weight:3": 1,
          "ID:3": 0,
          "items:9": {
            "0:10": {
              "id:8": "mekanism:gastank",
              "Count:3": 1,
              "tag:10": {
                "tier:3": 3,
                "mekData:10": {}
              },
              "OreDict:8": "",
              "Damage:3": 0
            }
          }
        },
        "1:10": {
          "weight:3": 1,
          "ID:3": 1,
          "items:9": {
            "0:10": {
              "id:8": "extrautils2:drum",
              "Count:3": 1,
              "OreDict:8": "",
              "Damage:3": 3
            }
          }
        },
        "2:10": {
          "weight:3": 1,
          "ID:3": 2,
          "items:9": {
            "0:10": {
              "id:8": "mekanism:atomicdisassembler",
              "Count:3": 1,
              "tag:10": {
                "mekData:10": {}
              },
              "OreDict:8": "",
              "Damage:3": 0
            }
          }
        },
        "3:10": {
          "weight:3": 1,
          "ID:3": 3,
          "items:9": {
            "0:10": {
              "id:8": "mekanism:flamethrower",
              "Count:3": 1,
              "tag:10": {
                "mekData:10": {
                  "stored:10": {
                    "amount:3": 24000,
                    "gasName:8": "hydrogen"
                  }
                }
              },
              "OreDict:8": "",
              "Damage:3": 0
            }
          }
        },
        "4:10": {
          "weight:3": 1,
          "ID:3": 4,
          "items:9": {
            "0:10": {
              "id:8": "mekanism:speedupgrade",
              "Count:3": 8,
              "OreDict:8": "",
              "Damage:3": 0
            }
          }
        },
        "5:10": {
          "weight:3": 1,
          "ID:3": 5,
          "items:9": {
            "0:10": {
              "id:8": "roost:chicken",
              "Count:3": 1,
              "tag:10": {
                "Growth:3": 1,
                "Chicken:8": "morechickens:boopbeepchick",
                "Gain:3": 1,
                "Strength:3": 1
              },
              "OreDict:8": "",
              "Damage:3": 0
            }
          }
        },
        "6:10": {
          "weight:3": 1,
          "ID:3": 6,
          "items:9": {
            "0:10": {
              "id:8": "roost:chicken",
              "Count:3": 1,
              "tag:10": {
                "Growth:3": 1,
                "Chicken:8": "morechickens:funwaychick",
                "Gain:3": 1,
                "Strength:3": 1
              },
              "OreDict:8": "",
              "Damage:3": 0
            }
          }
        },
        "7:10": {
          "weight:3": 1,
          "ID:3": 7,
          "items:9": {
            "0:10": {
              "id:8": "roost:chicken",
              "Count:3": 1,
              "tag:10": {
                "Growth:3": 1,
                "Chicken:8": "morechickens:chickenosto",
                "Gain:3": 1,
                "Strength:3": 1
              },
              "OreDict:8": "",
              "Damage:3": 0
            }
          }
        },
        "8:10": {
          "weight:3": 1,
          "ID:3": 8,
          "items:9": {
            "0:10": {
              "id:8": "teslacorelib:speed_tier1",
              "Count:3": 2,
              "OreDict:8": "",
              "Damage:3": 0
            },
            "1:10": {
              "id:8": "teslacorelib:speed_tier2",
              "Count:3": 2,
              "OreDict:8": "",
              "Damage:3": 0
            }
          }
        },
        "9:10": {
          "weight:3": 1,
          "ID:3": 9,
          "items:9": {
            "0:10": {
              "id:8": "industrialforegoing:straw",
              "Count:3": 1,
              "OreDict:8": "",
              "Damage:3": 0
            }
          }
        },
        "10:10": {
          "weight:3": 1,
          "ID:3": 10,
          "items:9": {
            "0:10": {
              "id:8": "industrialforegoing:meat_feeder",
              "Count:3": 1,
              "OreDict:8": "",
              "Damage:3": 0
            }
          }
        },
        "11:10": {
          "weight:3": 1,
          "ID:3": 11,
          "items:9": {
            "0:10": {
              "id:8": "extrautils2:opinium",
              "Count:3": 1,
              "OreDict:8": "",
              "Damage:3": 5
            }
          }
        }
      }
    },
    "6:10": {
      "name:8": "Tier 6",
      "weight:3": 7,
      "ID:3": 6,
      "rewards:9": {
        "0:10": {
          "weight:3": 1,
          "ID:3": 0,
          "items:9": {
            "0:10": {
              "id:8": "nuclearcraft:upgrade",
              "Count:3": 10,
              "OreDict:8": "",
              "Damage:3": 0
            }
          }
        },
        "1:10": {
          "weight:3": 1,
          "ID:3": 1,
          "items:9": {
            "0:10": {
              "id:8": "nuclearcraft:record_wanderer",
              "Count:3": 1,
              "OreDict:8": "",
              "Damage:3": 0
            },
            "1:10": {
              "id:8": "nuclearcraft:record_end_of_the_world",
              "Count:3": 1,
              "OreDict:8": "",
              "Damage:3": 0
            },
            "2:10": {
              "id:8": "nuclearcraft:record_money_for_nothing",
              "Count:3": 1,
              "OreDict:8": "",
              "Damage:3": 0
            }
          }
        },
        "2:10": {
          "weight:3": 1,
          "ID:3": 2,
          "items:9": {
            "0:10": {
              "id:8": "thermaldynamics:duct_64",
              "Count:3": 16,
              "OreDict:8": "",
              "Damage:3": 1
            },
            "1:10": {
              "id:8": "thermaldynamics:duct_64",
              "Count:3": 2,
              "OreDict:8": "",
              "Damage:3": 2
            },
            "2:10": {
              "id:8": "thermaldynamics:duct_64",
              "Count:3": 2,
              "OreDict:8": "",
              "Damage:3": 0
            }
          }
        },
        "3:10": {
          "weight:3": 1,
          "ID:3": 3,
          "items:9": {
            "0:10": {
              "id:8": "thermaldynamics:duct_0",
              "Count:3": 32,
              "OreDict:8": "",
              "Damage:3": 5
            }
          }
        },
        "4:10": {
          "weight:3": 1,
          "ID:3": 4,
          "items:9": {
            "0:10": {
              "id:8": "bloodmagic:sigil_elemental_affinity",
              "Count:3": 1,
              "tag:10": {},
              "OreDict:8": "",
              "Damage:3": 0
            }
          }
        },
        "5:10": {
          "weight:3": 1,
          "ID:3": 5,
          "items:9": {
            "0:10": {
              "id:8": "thermalexpansion:augment",
              "Count:3": 4,
              "OreDict:8": "",
              "Damage:3": 128
            }
          }
        },
        "6:10": {
          "weight:3": 1,
          "ID:3": 6,
          "items:9": {
            "0:10": {
              "id:8": "aether_legacy:present",
              "Count:3": 2,
              "OreDict:8": "",
              "Damage:3": 0
            }
          }
        },
        "7:10": {
          "weight:3": 1,
          "ID:3": 7,
          "items:9": {
            "0:10": {
              "id:8": "aether_legacy:aether_tune",
              "Count:3": 1,
              "OreDict:8": "",
              "Damage:3": 0
            },
            "1:10": {
              "id:8": "aether_legacy:ascending_dawn",
              "Count:3": 1,
              "OreDict:8": "",
              "Damage:3": 0
            },
            "2:10": {
              "id:8": "aether_legacy:welcoming_skies",
              "Count:3": 1,
              "OreDict:8": "",
              "Damage:3": 0
            }
          }
        },
        "8:10": {
          "weight:3": 1,
          "ID:3": 8,
          "items:9": {
            "0:10": {
              "id:8": "extrautils2:opinium",
              "Count:3": 1,
              "OreDict:8": "",
              "Damage:3": 6
            }
          }
        },
        "9:10": {
          "weight:3": 1,
          "ID:3": 9,
          "items:9": {
            "0:10": {
              "id:8": "enderio:item_ender_food",
              "Count:3": 1,
              "OreDict:8": "",
              "Damage:3": 0
            }
          }
        },
        "10:10": {
          "weight:3": 1,
          "ID:3": 10,
          "items:9": {
            "0:10": {
              "id:8": "enderio:item_limited_item_filter",
              "Count:3": 1,
              "OreDict:8": "",
              "Damage:3": 0
            }
          }
        }
      }
    },
    "7:10": {
      "name:8": "Tier 7",
      "weight:3": 8,
      "ID:3": 7,
      "rewards:9": {
        "0:10": {
          "weight:3": 1,
          "ID:3": 0,
          "items:9": {
            "0:10": {
              "id:8": "simplyjetpacks:itemfluxpack",
              "Count:3": 1,
              "tag:10": {
                "Energy:3": 0
              },
              "OreDict:8": "",
              "Damage:3": 7
            }
          }
        },
        "1:10": {
          "weight:3": 1,
          "ID:3": 1,
          "items:9": {
            "0:10": {
              "id:8": "simplyjetpacks:metaitem",
              "Count:3": 1,
              "OreDict:8": "",
              "Damage:3": 2
            },
            "1:10": {
              "id:8": "simplyjetpacks:metaitem",
              "Count:3": 1,
              "OreDict:8": "",
              "Damage:3": 3
            }
          }
        },
        "2:10": {
          "weight:3": 1,
          "ID:3": 2,
          "items:9": {
            "0:10": {
              "id:8": "appliedenergistics2:material",
              "Count:3": 16,
              "OreDict:8": "",
              "Damage:3": 30
            }
          }
        },
        "3:10": {
          "weight:3": 1,
          "ID:3": 3,
          "items:9": {
            "0:10": {
              "id:8": "extrautils2:opinium",
              "Count:3": 1,
              "OreDict:8": "",
              "Damage:3": 7
            }
          }
        },
        "4:10": {
          "weight:3": 1,
          "ID:3": 4,
          "items:9": {
            "0:10": {
              "id:8": "evilcraft:invigorating_pendant",
              "Count:3": 1,
              "tag:10": {
                "Fluid:10": {
                  "FluidName:8": "evilcraftblood",
                  "Amount:3": 5000
                }
              },
              "OreDict:8": "",
              "Damage:3": 0
            }
          }
        },
        "5:10": {
          "weight:3": 1,
          "ID:3": 5,
          "items:9": {
            "0:10": {
              "id:8": "bloodmagic:blood_rune",
              "Count:3": 4,
              "OreDict:8": "",
              "Damage:3": 9
            }
          }
        },
        "6:10": {
          "weight:3": 1,
          "ID:3": 6,
          "items:9": {
            "0:10": {
              "id:8": "environmentaltech:modifier_invisibility",
              "Count:3": 1,
              "OreDict:8": "",
              "Damage:3": 0
            }
          }
        },
        "7:10": {
          "weight:3": 1,
          "ID:3": 7,
          "items:9": {
            "0:10": {
              "id:8": "bloodmagic:sigil_bounce",
              "Count:3": 1,
              "tag:10": {},
              "OreDict:8": "",
              "Damage:3": 0
            }
          }
        }
      }
    },
    "8:10": {
      "name:8": "Tier 8",
      "weight:3": 9,
      "ID:3": 8,
      "rewards:9": {
        "0:10": {
          "weight:3": 1,
          "ID:3": 0,
          "items:9": {
            "0:10": {
              "id:8": "plustic:pipe_piece",
              "Count:3": 1,
              "tag:10": {
                "Material:8": "chaotic_plustic"
              },
              "OreDict:8": "",
              "Damage:3": 0
            }
          }
        },
        "1:10": {
          "weight:3": 1,
          "ID:3": 1,
          "items:9": {
            "0:10": {
              "id:8": "plustic:pipe_piece",
              "Count:3": 1,
              "tag:10": {
                "Material:8": "chaotic_plustic"
              },
              "OreDict:8": "",
              "Damage:3": 0
            }
          }
        },
        "2:10": {
          "weight:3": 1,
          "ID:3": 2,
          "items:9": {
            "0:10": {
              "id:8": "tcomplement:chisel_head",
              "Count:3": 1,
              "tag:10": {
                "Material:8": "chaotic_plustic"
              },
              "OreDict:8": "",
              "Damage:3": 0
            }
          }
        },
        "3:10": {
          "weight:3": 1,
          "ID:3": 3,
          "items:9": {
            "0:10": {
              "id:8": "tconstruct:pick_head",
              "Count:3": 1,
              "tag:10": {
                "Material:8": "chaotic_plustic"
              },
              "OreDict:8": "",
              "Damage:3": 0
            }
          }
        },
        "4:10": {
          "weight:3": 1,
          "ID:3": 4,
          "items:9": {
            "0:10": {
              "id:8": "tconstruct:shovel_head",
              "Count:3": 1,
              "tag:10": {
                "Material:8": "chaotic_plustic"
              },
              "OreDict:8": "",
              "Damage:3": 0
            }
          }
        },
        "5:10": {
          "weight:3": 1,
          "ID:3": 5,
          "items:9": {
            "0:10": {
              "id:8": "tconstruct:axe_head",
              "Count:3": 1,
              "tag:10": {
                "Material:8": "chaotic_plustic"
              },
              "OreDict:8": "",
              "Damage:3": 0
            }
          }
        },
        "6:10": {
          "weight:3": 1,
          "ID:3": 6,
          "items:9": {
            "0:10": {
              "id:8": "tconstruct:broad_axe_head",
              "Count:3": 1,
              "tag:10": {
                "Material:8": "chaotic_plustic"
              },
              "OreDict:8": "",
              "Damage:3": 0
            }
          }
        },
        "7:10": {
          "weight:3": 1,
          "ID:3": 7,
          "items:9": {
            "0:10": {
              "id:8": "tconstruct:sword_blade",
              "Count:3": 1,
              "tag:10": {
                "Material:8": "chaotic_plustic"
              },
              "OreDict:8": "",
              "Damage:3": 0
            }
          }
        },
        "8:10": {
          "weight:3": 1,
          "ID:3": 8,
          "items:9": {
            "0:10": {
              "id:8": "tconstruct:large_sword_blade",
              "Count:3": 1,
              "tag:10": {
                "Material:8": "chaotic_plustic"
              },
              "OreDict:8": "",
              "Damage:3": 0
            }
          }
        },
        "9:10": {
          "weight:3": 1,
          "ID:3": 9,
          "items:9": {
            "0:10": {
              "id:8": "tconstruct:hammer_head",
              "Count:3": 1,
              "tag:10": {
                "Material:8": "chaotic_plustic"
              },
              "OreDict:8": "",
              "Damage:3": 0
            }
          }
        },
        "10:10": {
          "weight:3": 1,
          "ID:3": 10,
          "items:9": {
            "0:10": {
              "id:8": "tconstruct:excavator_head",
              "Count:3": 1,
              "tag:10": {
                "Material:8": "chaotic_plustic"
              },
              "OreDict:8": "",
              "Damage:3": 0
            }
          }
        },
        "11:10": {
          "weight:3": 1,
          "ID:3": 11,
          "items:9": {
            "0:10": {
              "id:8": "tconstruct:kama_head",
              "Count:3": 1,
              "tag:10": {
                "Material:8": "chaotic_plustic"
              },
              "OreDict:8": "",
              "Damage:3": 0
            }
          }
        },
        "12:10": {
          "weight:3": 1,
          "ID:3": 12,
          "items:9": {
            "0:10": {
              "id:8": "tconstruct:scythe_head",
              "Count:3": 1,
              "tag:10": {
                "Material:8": "chaotic_plustic"
              },
              "OreDict:8": "",
              "Damage:3": 0
            }
          }
        },
        "13:10": {
          "weight:3": 1,
          "ID:3": 13,
          "items:9": {
            "0:10": {
              "id:8": "tconstruct:pan_head",
              "Count:3": 1,
              "tag:10": {
                "Material:8": "chaotic_plustic"
              },
              "OreDict:8": "",
              "Damage:3": 0
            }
          }
        },
        "14:10": {
          "weight:3": 1,
          "ID:3": 14,
          "items:9": {
            "0:10": {
              "id:8": "tconstruct:sign_head",
              "Count:3": 1,
              "tag:10": {
                "Material:8": "chaotic_plustic"
              },
              "OreDict:8": "",
              "Damage:3": 0
            }
          }
        },
        "15:10": {
          "weight:3": 1,
          "ID:3": 15,
          "items:9": {
            "0:10": {
              "id:8": "tconstruct:tool_rod",
              "Count:3": 1,
              "tag:10": {
                "Material:8": "chaotic_plustic"
              },
              "OreDict:8": "",
              "Damage:3": 0
            }
          }
        },
        "16:10": {
          "weight:3": 1,
          "ID:3": 16,
          "items:9": {
            "0:10": {
              "id:8": "tconstruct:tough_tool_rod",
              "Count:3": 1,
              "tag:10": {
                "Material:8": "chaotic_plustic"
              },
              "OreDict:8": "",
              "Damage:3": 0
            }
          }
        },
        "17:10": {
          "weight:3": 1,
          "ID:3": 17,
          "items:9": {
            "0:10": {
              "id:8": "tconstruct:binding",
              "Count:3": 1,
              "tag:10": {
                "Material:8": "chaotic_plustic"
              },
              "OreDict:8": "",
              "Damage:3": 0
            }
          }
        },
        "18:10": {
          "weight:3": 1,
          "ID:3": 18,
          "items:9": {
            "0:10": {
              "id:8": "tconstruct:tough_binding",
              "Count:3": 1,
              "tag:10": {
                "Material:8": "chaotic_plustic"
              },
              "OreDict:8": "",
              "Damage:3": 0
            }
          }
        },
        "19:10": {
          "weight:3": 1,
          "ID:3": 19,
          "items:9": {
            "0:10": {
              "id:8": "tconstruct:wide_guard",
              "Count:3": 1,
              "tag:10": {
                "Material:8": "chaotic_plustic"
              },
              "OreDict:8": "",
              "Damage:3": 0
            }
          }
        },
        "20:10": {
          "weight:3": 1,
          "ID:3": 20,
          "items:9": {
            "0:10": {
              "id:8": "tconstruct:hand_guard",
              "Count:3": 1,
              "tag:10": {
                "Material:8": "chaotic_plustic"
              },
              "OreDict:8": "",
              "Damage:3": 0
            }
          }
        },
        "21:10": {
          "weight:3": 1,
          "ID:3": 21,
          "items:9": {
            "0:10": {
              "id:8": "tconstruct:cross_guard",
              "Count:3": 1,
              "tag:10": {
                "Material:8": "chaotic_plustic"
              },
              "OreDict:8": "",
              "Damage:3": 0
            }
          }
        },
        "22:10": {
          "weight:3": 1,
          "ID:3": 22,
          "items:9": {
            "0:10": {
              "id:8": "tconstruct:large_plate",
              "Count:3": 1,
              "tag:10": {
                "Material:8": "chaotic_plustic"
              },
              "OreDict:8": "",
              "Damage:3": 0
            }
          }
        },
        "23:10": {
          "weight:3": 1,
          "ID:3": 23,
          "items:9": {
            "0:10": {
              "id:8": "tconstruct:knife_blade",
              "Count:3": 1,
              "tag:10": {
                "Material:8": "chaotic_plustic"
              },
              "OreDict:8": "",
              "Damage:3": 0
            }
          }
        },
        "24:10": {
          "weight:3": 1,
          "ID:3": 24,
          "items:9": {
            "0:10": {
              "id:8": "tconstruct:bow_limb",
              "Count:3": 1,
              "tag:10": {
                "Material:8": "chaotic_plustic"
              },
              "OreDict:8": "",
              "Damage:3": 0
            }
          }
        },
        "25:10": {
          "weight:3": 1,
          "ID:3": 25,
          "items:9": {
            "0:10": {
              "id:8": "tconstruct:arrow_head",
              "Count:3": 1,
              "tag:10": {
                "Material:8": "chaotic_plustic"
              },
              "OreDict:8": "",
              "Damage:3": 0
            }
          }
        },
        "26:10": {
          "weight:3": 1,
          "ID:3": 26,
          "items:9": {
            "0:10": {
              "id:8": "calculator:speedupgrade",
              "Count:3": 8,
              "OreDict:8": "",
              "Damage:3": 0
            }
          }
        },
        "27:10": {
          "weight:3": 1,
          "ID:3": 27,
          "items:9": {
            "0:10": {
              "id:8": "extrautils2:opinium",
              "Count:3": 1,
              "OreDict:8": "",
              "Damage:3": 8
            }
          }
        }
      }
    },
    "9:10": {
      "name:8": "Tier 9",
      "weight:3": 10,
      "ID:3": 9,
      "rewards:9": {
        "0:10": {
          "weight:3": 1,
          "ID:3": 0,
          "items:9": {
            "0:10": {
              "id:8": "equivalentenergistics:emc_crystal",
              "Count:3": 1,
              "OreDict:8": "",
              "Damage:3": 3
            }
          }
        },
        "1:10": {
          "weight:3": 1,
          "ID:3": 1,
          "items:9": {
            "0:10": {
              "id:8": "evilcraft:environmental_accumulation_core",
              "Count:3": 1,
              "OreDict:8": "",
              "Damage:3": 0
            }
          }
        },
        "2:10": {
          "weight:3": 1,
          "ID:3": 2,
          "items:9": {
            "0:10": {
              "id:8": "thermalexpansion:florb",
              "Count:3": 1,
              "tag:10": {
                "Fluid:8": "mana"
              },
              "OreDict:8": "",
              "Damage:3": 0
            }
          }
        },
        "3:10": {
          "weight:3": 1,
          "ID:3": 3,
          "items:9": {
            "0:10": {
              "id:8": "projecte:item.pe_arcana_ring",
              "Count:3": 1,
              "tag:10": {
                "Mode:1": 0
              },
              "OreDict:8": "",
              "Damage:3": 0
            }
          }
        },
        "4:10": {
          "weight:3": 1,
          "ID:3": 4,
          "items:9": {
            "0:10": {
              "id:8": "extrautils2:itemcreativedestructionwand",
              "Count:3": 1,
              "OreDict:8": "",
              "Damage:3": 0
            }
          }
        }
      }
    },
    "10:10": {
      "name:8": "Tier 10",
      "weight:3": 11,
      "ID:3": 10,
      "rewards:9": {
        "0:10": {
          "weight:3": 1,
          "ID:3": 0,
          "items:9": {
            "0:10": {
              "id:8": "equivalentenergistics:emc_crystal",
              "Count:3": 1,
              "OreDict:8": "",
              "Damage:3": 4
            }
          }
        },
        "1:10": {
          "weight:3": 1,
          "ID:3": 1,
          "items:9": {
            "0:10": {
              "id:8": "techreborn:nuke",
              "Count:3": 1,
              "OreDict:8": "",
              "Damage:3": 0
            }
          }
        },
        "2:10": {
          "weight:3": 1,
          "ID:3": 2,
          "items:9": {
            "0:10": {
              "id:8": "silentgems:chaosgem",
              "Count:3": 1,
              "tag:10": {
                "ChaosCharge:3": 0
              },
              "OreDict:8": "",
              "Damage:3": 48
            }
          }
        },
        "3:10": {
          "weight:3": 1,
          "ID:3": 3,
          "items:9": {
            "0:10": {
              "id:8": "bloodmagic:activation_crystal",
              "Count:3": 1,
              "OreDict:8": "",
              "Damage:3": 2
            }
          }
        },
        "4:10": {
          "weight:3": 1,
          "ID:3": 4,
          "items:9": {
            "0:10": {
              "id:8": "psi:cad_assembly",
              "Count:3": 1,
              "OreDict:8": "",
              "Damage:3": 5
            }
          }
        }
      }
    }
  }
}